Expense Type,Sub Expense Type,Amount,Payment Date,Payment Through,Department
Hotel,Hotel WiFi,901.21,04-08-2024,Cash,Sales
Car,Toll Charges,2435.39,19-06-2024,Card,Finance
Hotel,Laundry,4920.53,12-06-2024,Card,Sales
Air,Airport Lounge,836.37,01-10-2024,Cash,HR
Air,Seat Selection,390.78,16-06-2024,Cash,Finance
Air,Airport Lounge,297.5,04-05-2024,Card,HR
Hotel,Laundry,4106.96,07-03-2024,Card,Marketing
Hotel,Room Service,4898.68,19-11-2024,Cash,Finance
Hotel,Hotel Stay,1478.71,12-11-2024,Card,Marketing
Car,Car Rental,824.71,13-10-2024,Card,Marketing
Car,Car Rental,3199.1,15-01-2025,Card,IT
Air,Seat Selection,1686.95,03-06-2024,Cash,HR
Hotel,Hotel Stay,1872.29,30-09-2024,Cash,HR
Air,Domestic Flight,97.21,22-03-2024,Cash,Operations
Hotel,Laundry,1784.81,28-01-2025,Card,IT
Air,Seat Selection,3654.98,24-09-2024,Card,IT
Air,Domestic Flight,1282.45,28-10-2024,Card,Finance
Hotel,Laundry,2954.7,21-03-2024,Card,Operations
Hotel,Hotel WiFi,1541.27,28-04-2024,Cash,IT
Car,Fuel,3217.73,21-08-2024,Cash,Sales
Car,Parking Fee,3846.68,17-08-2024,Card,IT
Hotel,Laundry,2545.55,01-04-2024,Card,Sales
Hotel,Hotel WiFi,1495.66,05-09-2024,Cash,Operations
Hotel,Laundry,2387.09,09-08-2024,Cash,IT
Air,Baggage Fee,3657.92,15-07-2024,Card,HR
Air,International Flight,703.35,05-10-2024,Card,Finance
Car,Toll Charges,55.58,07-03-2024,Cash,Sales
Hotel,Hotel Stay,1174.43,27-05-2024,Card,Finance
Car,Car Rental,853.14,13-02-2024,Card,Finance
Car,Parking Fee,3147.35,01-04-2024,Card,Marketing
Hotel,Laundry,2024.43,27-01-2025,Card,HR
Hotel,Laundry,3586.17,09-03-2024,Cash,HR
Car,Parking Fee,1327.24,06-03-2024,Card,HR
Air,Airport Lounge,4041.73,07-03-2024,Cash,HR
Air,Airport Lounge,3723.77,31-08-2024,Cash,Sales
Air,Airport Lounge,1638.42,18-07-2024,Cash,Operations
Air,Domestic Flight,1175.3,10-09-2024,Cash,Sales
Hotel,Laundry,1573.37,03-09-2024,Cash,Marketing
Hotel,Hotel WiFi,2772.27,19-12-2024,Cash,Finance
Air,International Flight,519.02,02-12-2024,Card,Sales
Air,Seat Selection,2022.47,22-11-2024,Cash,Operations
Hotel,Laundry,813.43,26-03-2024,Card,HR
Air,Domestic Flight,4291.2,02-07-2024,Card,Operations
Car,Parking Fee,2828.73,19-10-2024,Card,IT
Car,Driver Tip,1702.06,04-04-2024,Cash,IT
Air,International Flight,170.44,03-05-2024,Cash,Sales
Hotel,Mini Bar,1053.39,02-08-2024,Cash,Operations
Hotel,Hotel Stay,3315.17,27-12-2024,Cash,Operations
Air,Seat Selection,3508.94,20-09-2024,Card,IT
Hotel,Mini Bar,1293.06,08-11-2024,Cash,IT
Car,Parking Fee,3796.91,21-06-2024,Card,IT
Hotel,Hotel WiFi,4755.41,06-03-2024,Card,Marketing
Hotel,Hotel Stay,3374.52,08-07-2024,Cash,HR
Hotel,Room Service,3776.3,05-08-2024,Card,HR
Hotel,Hotel WiFi,551.04,17-04-2024,Card,Operations
Air,Seat Selection,722.58,30-04-2024,Card,HR
Car,Fuel,4173.64,24-12-2024,Card,HR
Air,Airport Lounge,1236.3,15-12-2024,Cash,HR
Car,Driver Tip,419.35,15-09-2024,Card,Finance
Car,Driver Tip,3171.59,04-08-2024,Cash,Finance
Hotel,Mini Bar,3410.14,29-09-2024,Cash,HR
Car,Car Rental,4180.89,06-03-2024,Card,Finance
Hotel,Laundry,4484.54,09-12-2024,Cash,Marketing
Hotel,Mini Bar,1634.84,30-06-2024,Cash,HR
Car,Toll Charges,3481.54,17-07-2024,Cash,Finance
Air,International Flight,190.55,12-09-2024,Card,Marketing
Air,Domestic Flight,2442.03,16-07-2024,Cash,Finance
Car,Fuel,3439.71,03-05-2024,Cash,Finance
Hotel,Hotel WiFi,831.83,11-12-2024,Cash,Sales
Hotel,Hotel Stay,4165.21,07-11-2024,Card,IT
Air,Domestic Flight,4085.55,19-07-2024,Cash,HR
Air,Domestic Flight,156.63,21-03-2024,Card,Sales
Air,Seat Selection,3550.24,27-03-2024,Card,IT
Car,Fuel,2908.83,14-07-2024,Card,Sales
Car,Car Rental,4304.7,24-11-2024,Cash,Finance
Hotel,Hotel WiFi,2342.04,13-02-2024,Card,Sales
Hotel,Room Service,2680.99,17-06-2024,Cash,Sales
Air,Domestic Flight,3668.67,26-09-2024,Cash,HR
Car,Fuel,629.39,02-03-2024,Card,Marketing
Hotel,Hotel Stay,3987.97,24-12-2024,Card,HR
Hotel,Laundry,182.58,24-11-2024,Cash,Operations
Car,Toll Charges,961,08-03-2024,Card,Marketing
Hotel,Hotel WiFi,835.18,18-02-2024,Card,Operations
Air,Domestic Flight,3034.42,20-01-2025,Card,Operations
Hotel,Room Service,3588.85,14-03-2024,Cash,Operations
Hotel,Laundry,4426.58,19-07-2024,Card,Sales
Hotel,Hotel Stay,2630.71,21-07-2024,Card,IT
Car,Fuel,3844.07,29-03-2024,Cash,Finance
Hotel,Laundry,3936.44,24-09-2024,Cash,HR
Hotel,Mini Bar,4074.67,05-05-2024,Cash,Finance
Car,Car Rental,1617.37,13-07-2024,Card,Sales
Car,Car Rental,385.86,20-10-2024,Card,Marketing
Hotel,Room Service,1638.4,04-01-2025,Card,Sales
Air,International Flight,2386.73,18-10-2024,Card,IT
Hotel,Laundry,4889.59,02-01-2025,Cash,HR
Hotel,Room Service,1499.14,14-11-2024,Card,IT
Car,Driver Tip,1464.06,29-06-2024,Cash,Operations
Air,International Flight,628.22,24-01-2025,Card,HR
Car,Parking Fee,3803.31,15-03-2024,Cash,HR
Car,Fuel,4756.09,26-11-2024,Card,Sales
Hotel,Mini Bar,2524.84,21-07-2024,Card,HR
Car,Car Rental,1712.36,22-01-2025,Card,HR
Hotel,Mini Bar,4566.44,21-06-2024,Card,Finance
Air,Seat Selection,457.44,02-11-2024,Card,IT
Air,Domestic Flight,4503.26,29-04-2024,Cash,HR
Car,Driver Tip,3840.81,26-09-2024,Cash,IT
Car,Car Rental,4147.18,13-12-2024,Cash,HR
Hotel,Room Service,1197.84,16-01-2025,Card,Finance
Air,Seat Selection,4463.23,06-09-2024,Cash,HR
Hotel,Laundry,1939.73,12-02-2024,Cash,Sales
Car,Fuel,3317.4,24-08-2024,Cash,HR
Car,Driver Tip,1641.21,04-09-2024,Cash,Finance
Car,Fuel,2247.67,20-06-2024,Cash,Marketing
Air,International Flight,4259.69,19-06-2024,Cash,Operations
Car,Toll Charges,2528.36,26-04-2024,Card,IT
Hotel,Hotel Stay,867.49,31-03-2024,Card,IT
Air,Seat Selection,4264.26,17-08-2024,Cash,Finance
Car,Toll Charges,3176.45,06-10-2024,Cash,Operations
Hotel,Mini Bar,1041.39,15-01-2025,Card,Finance
Car,Car Rental,2682.92,05-11-2024,Cash,Marketing
Car,Car Rental,2519.57,26-09-2024,Card,HR
Air,Domestic Flight,1010.81,18-06-2024,Card,Operations
Car,Car Rental,3899.54,19-02-2024,Cash,Sales
Car,Toll Charges,3624.62,29-11-2024,Card,Marketing
Air,Airport Lounge,4559.28,15-04-2024,Cash,HR
Car,Parking Fee,1501.36,26-09-2024,Cash,Finance
Hotel,Hotel WiFi,105.88,19-03-2024,Cash,Operations
Air,Baggage Fee,3613.74,29-09-2024,Card,IT
Car,Driver Tip,2723.47,15-04-2024,Card,Sales
Car,Driver Tip,3609.11,19-07-2024,Card,Operations
Car,Car Rental,2934.82,10-11-2024,Cash,HR
Air,International Flight,1329.92,06-08-2024,Card,IT
Air,International Flight,3204.58,10-02-2025,Cash,HR
Car,Parking Fee,3192,11-05-2024,Cash,IT
Car,Parking Fee,3296.65,31-05-2024,Card,HR
Air,Baggage Fee,4621.94,05-12-2024,Cash,IT
Air,International Flight,1341.67,24-09-2024,Cash,Operations
Hotel,Mini Bar,2018.14,24-01-2025,Card,Operations
Car,Toll Charges,1504.68,27-09-2024,Card,Finance
Hotel,Room Service,3338.3,15-02-2024,Cash,Finance
Hotel,Mini Bar,3989.8,03-01-2025,Cash,Marketing
Air,Seat Selection,1957.88,12-12-2024,Card,Marketing
Car,Fuel,137.98,29-05-2024,Cash,HR
Air,International Flight,2140.37,25-01-2025,Cash,IT
Car,Fuel,2584.33,18-09-2024,Card,Operations
Hotel,Hotel WiFi,2304.64,23-01-2025,Cash,Marketing
Air,International Flight,2769.09,28-07-2024,Card,IT
Hotel,Hotel WiFi,3350.64,20-03-2024,Card,IT
Car,Fuel,2816.91,06-03-2024,Card,IT
Car,Car Rental,702.38,09-06-2024,Cash,IT
Hotel,Mini Bar,3820.33,15-12-2024,Card,IT
Car,Fuel,2403.57,09-08-2024,Card,Sales
Car,Parking Fee,2807.82,22-03-2024,Card,Operations
Hotel,Hotel Stay,3554.63,02-01-2025,Card,HR
Car,Parking Fee,1705.85,08-05-2024,Card,Operations
Car,Parking Fee,4495.98,02-08-2024,Cash,Marketing
Air,International Flight,4238.95,25-05-2024,Cash,Operations
Air,Baggage Fee,4825.73,03-03-2024,Card,Finance
Air,Baggage Fee,4748.76,13-02-2024,Card,Operations
Car,Car Rental,1256.36,23-11-2024,Cash,Finance
Air,Domestic Flight,945.26,17-11-2024,Card,Marketing
Air,Domestic Flight,2072.93,21-05-2024,Cash,Operations
Hotel,Hotel Stay,4006.11,17-08-2024,Card,Sales
Car,Car Rental,1083.01,20-10-2024,Card,Finance
Hotel,Hotel WiFi,4535.26,06-01-2025,Cash,Marketing
Air,Domestic Flight,4189.32,23-09-2024,Cash,HR
Air,Baggage Fee,1814.34,18-08-2024,Card,Marketing
Hotel,Mini Bar,206.6,11-04-2024,Card,Operations
Car,Fuel,404.78,17-01-2025,Card,Sales
Air,Domestic Flight,287.02,23-02-2024,Cash,HR
Car,Fuel,1786.6,12-04-2024,Cash,Sales
Car,Car Rental,2946.57,16-10-2024,Cash,Sales
Hotel,Laundry,2250.56,29-11-2024,Card,Marketing
Hotel,Mini Bar,1012.43,12-10-2024,Cash,HR
Air,Airport Lounge,1850.87,27-04-2024,Cash,HR
Hotel,Hotel Stay,4860.95,15-04-2024,Card,Operations
Car,Fuel,2889.61,01-09-2024,Cash,Finance
Car,Parking Fee,4473.07,07-02-2025,Cash,Marketing
Car,Parking Fee,3150.24,24-02-2024,Card,IT
Car,Driver Tip,1018.34,05-11-2024,Cash,IT
Hotel,Room Service,1556.59,21-06-2024,Cash,IT
Car,Parking Fee,1717.24,03-07-2024,Cash,Marketing
Air,Airport Lounge,4682.75,05-11-2024,Cash,Operations
Air,Baggage Fee,4764.8,28-11-2024,Cash,Operations
Air,Baggage Fee,2510.76,04-10-2024,Card,Operations
Car,Parking Fee,2160.36,07-10-2024,Card,Marketing
Hotel,Room Service,1313.45,12-03-2024,Card,Marketing
Hotel,Hotel Stay,152.63,12-04-2024,Card,Operations
Air,Baggage Fee,189.77,20-04-2024,Card,Sales
Air,Airport Lounge,2184.45,08-11-2024,Card,HR
Air,Seat Selection,4135.99,31-07-2024,Card,Finance
Car,Fuel,1081.13,19-12-2024,Card,IT
Car,Car Rental,4272.43,15-12-2024,Cash,Finance
Hotel,Laundry,1717.3,28-01-2025,Card,Finance
Car,Toll Charges,1570.47,08-09-2024,Card,Finance
Car,Car Rental,1873.01,28-10-2024,Cash,HR
Car,Car Rental,1132.93,05-06-2024,Card,Operations
Air,Airport Lounge,2939.95,20-05-2024,Cash,Operations
Air,Baggage Fee,1514.17,13-01-2025,Cash,Sales
Air,Domestic Flight,2135.4,13-09-2024,Card,Operations
Hotel,Laundry,2351.3,06-11-2024,Card,Marketing
Car,Car Rental,2701.83,01-10-2024,Card,Operations
Car,Car Rental,2185.3,09-11-2024,Cash,IT
Air,Domestic Flight,1936.32,25-06-2024,Card,Sales
Hotel,Hotel Stay,455.67,20-10-2024,Card,Marketing
Car,Car Rental,1069.89,17-01-2025,Card,IT
Air,Domestic Flight,3409.59,27-04-2024,Cash,Sales
Hotel,Mini Bar,1404.37,16-08-2024,Card,HR
Hotel,Laundry,4703.35,01-12-2024,Cash,IT
Hotel,Mini Bar,466.72,21-12-2024,Cash,IT
Car,Driver Tip,298.02,21-07-2024,Cash,Sales
Hotel,Hotel Stay,4536.78,08-11-2024,Card,Sales
Air,International Flight,2314.31,16-06-2024,Cash,HR
Hotel,Hotel WiFi,3433.87,18-09-2024,Cash,Sales
Hotel,Room Service,3855.27,01-11-2024,Cash,Operations
Car,Car Rental,219.2,28-04-2024,Card,Operations
Air,Baggage Fee,2072.68,03-07-2024,Cash,Sales
Hotel,Hotel WiFi,3425.15,10-11-2024,Cash,Finance
Car,Toll Charges,2643.11,15-04-2024,Cash,IT
Hotel,Hotel WiFi,2371.99,10-02-2025,Card,HR
Air,Airport Lounge,1825.71,05-07-2024,Cash,HR
Hotel,Room Service,4300.4,13-03-2024,Card,Operations
Car,Fuel,407.45,25-08-2024,Cash,Sales
Car,Parking Fee,3672.82,05-06-2024,Cash,Sales
Car,Parking Fee,3987.29,01-05-2024,Card,HR
Air,Seat Selection,3189.72,30-01-2025,Card,Sales
Air,Airport Lounge,3601.25,12-12-2024,Cash,Finance
Air,Airport Lounge,2902.69,16-05-2024,Cash,Finance
Car,Fuel,2790.67,19-01-2025,Cash,Finance
Car,Fuel,1792.01,13-11-2024,Cash,HR
Hotel,Laundry,3286.42,08-02-2025,Cash,IT
Air,International Flight,1250.57,24-02-2024,Cash,Operations
Car,Driver Tip,1297.36,08-07-2024,Cash,Sales
Car,Parking Fee,2212.22,28-10-2024,Cash,Marketing
Air,International Flight,3833.82,18-01-2025,Card,HR
Hotel,Laundry,4178,22-05-2024,Card,Sales
Hotel,Hotel Stay,1724.29,03-05-2024,Card,Operations
Air,Baggage Fee,3842.99,11-11-2024,Card,Marketing
Car,Car Rental,3219.26,18-05-2024,Card,Operations
Air,International Flight,4494.78,15-01-2025,Card,Operations
Air,Seat Selection,4665.79,02-03-2024,Card,Marketing
Air,Airport Lounge,3750.08,19-09-2024,Card,HR
Air,Baggage Fee,2865.23,14-02-2024,Card,IT
Car,Parking Fee,1804.07,31-01-2025,Cash,Operations
Air,International Flight,2787.06,21-02-2024,Card,HR
Air,Airport Lounge,2970.23,02-12-2024,Card,IT
Air,Airport Lounge,2188.55,08-05-2024,Cash,Operations
Car,Driver Tip,3846.62,11-03-2024,Card,Finance
Car,Fuel,4919.46,20-06-2024,Cash,IT
Car,Car Rental,688.74,07-02-2025,Cash,Finance
Car,Car Rental,1857.13,23-10-2024,Card,IT
Car,Driver Tip,3570.7,14-05-2024,Card,IT
Hotel,Room Service,1737.31,30-04-2024,Card,Finance
Air,Airport Lounge,1445.64,21-05-2024,Card,Marketing
Hotel,Laundry,4261.62,24-10-2024,Cash,HR
Car,Driver Tip,1597.96,07-04-2024,Cash,Operations
Air,International Flight,3065.56,05-01-2025,Cash,Operations
Hotel,Hotel WiFi,1642.03,10-01-2025,Card,Sales
Air,International Flight,1717.47,22-02-2024,Card,Marketing
Air,Domestic Flight,3159.94,08-06-2024,Card,Marketing
Air,Domestic Flight,1947.3,08-03-2024,Cash,Sales
Hotel,Laundry,4374,02-01-2025,Cash,IT
Car,Fuel,1130.92,22-06-2024,Cash,Sales
Hotel,Room Service,4199.96,29-06-2024,Cash,Sales
Air,Airport Lounge,2506.92,23-03-2024,Cash,HR
Air,Domestic Flight,173.4,23-09-2024,Cash,Operations
Air,Seat Selection,683.02,17-10-2024,Cash,Sales
Air,Baggage Fee,3852.86,27-02-2024,Cash,Finance
Hotel,Laundry,1882.95,05-02-2025,Cash,HR
Air,Domestic Flight,110.68,11-09-2024,Card,Operations
Car,Parking Fee,3341.54,08-12-2024,Cash,Marketing
Air,Domestic Flight,2033.03,07-09-2024,Card,Operations
Air,International Flight,2527.15,12-08-2024,Card,HR
Air,International Flight,3639.25,09-02-2025,Card,Marketing
Car,Car Rental,863.18,10-09-2024,Card,Marketing
Car,Driver Tip,3272.38,16-12-2024,Cash,Finance
Air,Domestic Flight,3902.21,18-06-2024,Card,HR
Air,Airport Lounge,2015.81,03-05-2024,Cash,Finance
Air,Domestic Flight,3162.97,28-04-2024,Card,Finance
Air,Airport Lounge,2339.69,17-02-2024,Card,Operations
Hotel,Laundry,1635.95,17-05-2024,Card,IT
Car,Parking Fee,1551.73,19-04-2024,Card,Sales
Air,Baggage Fee,652.36,13-09-2024,Cash,Operations
Hotel,Hotel WiFi,2380.88,16-09-2024,Cash,Sales
Car,Fuel,674.94,18-07-2024,Card,Operations
Air,Seat Selection,543.74,17-04-2024,Cash,Finance
Car,Fuel,2985.6,12-06-2024,Card,Sales
Car,Toll Charges,2881.18,23-09-2024,Card,Operations
Car,Driver Tip,345.78,08-09-2024,Card,HR
Car,Toll Charges,4271.53,14-03-2024,Cash,Operations
Car,Fuel,2149.1,24-12-2024,Card,IT
Car,Car Rental,1679.32,18-08-2024,Cash,Marketing
Air,International Flight,787.81,28-06-2024,Card,Sales
Car,Driver Tip,2915.86,19-09-2024,Cash,Marketing
Car,Fuel,759.24,07-09-2024,Card,HR
Car,Driver Tip,3333.25,27-04-2024,Cash,Finance
Hotel,Mini Bar,4172.22,18-04-2024,Cash,HR
Car,Fuel,4912.37,14-04-2024,Cash,Marketing
Car,Toll Charges,4850.88,02-03-2024,Card,Marketing
Car,Toll Charges,667.17,28-08-2024,Card,Marketing
Car,Fuel,756.45,30-11-2024,Cash,Marketing
Air,Airport Lounge,302.58,13-09-2024,Cash,Operations
Car,Toll Charges,4148.42,31-12-2024,Card,HR
Hotel,Mini Bar,4418.69,24-05-2024,Card,Marketing
Hotel,Hotel Stay,2865.71,27-07-2024,Cash,Operations
Air,International Flight,4833.36,02-03-2024,Cash,Finance
Hotel,Hotel WiFi,1054.57,04-07-2024,Card,IT
Car,Parking Fee,4105.65,08-03-2024,Card,Operations
Air,Seat Selection,2782.52,07-03-2024,Cash,IT
Car,Fuel,3537.65,07-09-2024,Card,Operations
Hotel,Laundry,2386.17,02-07-2024,Cash,Finance
Car,Driver Tip,3484.99,26-07-2024,Card,IT
Car,Fuel,4282.96,23-03-2024,Cash,Marketing
Hotel,Hotel Stay,3234.93,27-08-2024,Card,Finance
Car,Toll Charges,4029.86,09-11-2024,Cash,IT
Hotel,Mini Bar,4501.6,20-10-2024,Cash,Operations
Air,International Flight,503.12,28-09-2024,Card,Marketing
Hotel,Mini Bar,1758.76,02-10-2024,Card,Finance
Hotel,Laundry,4650.18,01-04-2024,Cash,HR
Hotel,Room Service,518.99,11-02-2024,Card,Operations
Car,Fuel,2816.63,01-03-2024,Cash,HR
Hotel,Laundry,106.23,01-08-2024,Cash,Marketing
Car,Parking Fee,4768.68,05-11-2024,Cash,IT
Car,Driver Tip,1169.47,08-12-2024,Card,Sales
Air,Domestic Flight,2672.33,26-10-2024,Card,IT
Air,Baggage Fee,217.18,25-01-2025,Cash,IT
Air,Baggage Fee,3119.81,26-05-2024,Cash,Operations
Hotel,Hotel WiFi,4664.98,14-01-2025,Card,Operations
Car,Toll Charges,2453.96,27-05-2024,Cash,Sales
Air,International Flight,1327.5,11-09-2024,Card,Operations
Car,Car Rental,1944.67,13-02-2024,Cash,Finance
Air,Seat Selection,4573.84,16-12-2024,Cash,Marketing
Air,International Flight,2484.61,12-10-2024,Card,Sales
Car,Toll Charges,67.2,10-06-2024,Card,Finance
Hotel,Room Service,2560.29,17-12-2024,Card,Marketing
Car,Driver Tip,2516.09,12-09-2024,Card,IT
Air,International Flight,2283.27,29-05-2024,Cash,Sales
Car,Fuel,687.67,28-11-2024,Card,Sales
Car,Driver Tip,680.16,06-03-2024,Cash,HR
Air,Airport Lounge,2061.15,09-10-2024,Cash,IT
Air,Airport Lounge,970.71,25-02-2024,Card,HR
Hotel,Room Service,4780.18,06-05-2024,Card,IT
Car,Driver Tip,2337.66,24-03-2024,Cash,Marketing
Air,Seat Selection,4596.73,19-02-2024,Card,Marketing
Hotel,Mini Bar,973.24,07-03-2024,Card,IT
Hotel,Room Service,2629.7,31-08-2024,Card,Sales
Hotel,Hotel Stay,1006.33,16-07-2024,Card,Finance
Hotel,Room Service,4151.79,12-02-2024,Card,IT
Car,Driver Tip,533.14,03-10-2024,Cash,IT
Car,Car Rental,4567.64,12-10-2024,Card,Finance
Air,Domestic Flight,862.63,19-08-2024,Card,HR
Hotel,Laundry,3975.56,15-08-2024,Card,IT
Hotel,Hotel Stay,2515.54,17-07-2024,Cash,HR
Air,International Flight,1999.93,13-02-2024,Cash,Sales
Car,Toll Charges,824.47,01-05-2024,Card,Sales
Car,Driver Tip,2038.11,27-12-2024,Card,Operations
Air,International Flight,4355.81,22-04-2024,Cash,Operations
Air,International Flight,350.48,05-02-2025,Cash,Finance
Car,Car Rental,230.79,12-05-2024,Cash,HR
Air,Domestic Flight,1707.32,02-09-2024,Cash,Operations
Air,Domestic Flight,3022.17,28-04-2024,Card,IT
Air,International Flight,476.32,24-09-2024,Card,Sales
Hotel,Hotel WiFi,3076.26,08-03-2024,Card,Marketing
Car,Toll Charges,3604.26,23-04-2024,Cash,Finance
Air,Baggage Fee,1378.81,24-12-2024,Cash,HR
Hotel,Hotel Stay,582.62,18-11-2024,Card,HR
Hotel,Room Service,3110.16,01-12-2024,Card,HR
Hotel,Hotel Stay,307.47,17-10-2024,Cash,Operations
Hotel,Laundry,1675.11,25-01-2025,Card,Sales
Hotel,Room Service,3119.84,17-10-2024,Cash,Sales
Air,Domestic Flight,1534.82,17-10-2024,Card,Operations
Hotel,Mini Bar,778.1,21-02-2024,Card,Operations
Car,Driver Tip,747.67,29-01-2025,Card,Sales
Air,International Flight,3930.69,02-12-2024,Card,IT
Car,Car Rental,4844.7,27-01-2025,Card,Finance
Air,International Flight,4064.38,17-03-2024,Card,HR
Car,Toll Charges,4564.05,03-01-2025,Cash,Marketing
Air,Baggage Fee,2299.28,16-07-2024,Cash,Operations
Hotel,Room Service,2392.28,29-04-2024,Cash,Marketing
Car,Car Rental,2527.35,03-09-2024,Card,IT
Air,Airport Lounge,941.6,26-07-2024,Card,Finance
Air,International Flight,2421.7,14-04-2024,Card,Marketing
Hotel,Laundry,3239.47,10-10-2024,Card,Marketing
Air,Airport Lounge,4338.17,16-05-2024,Cash,Operations
Car,Fuel,4848.17,21-10-2024,Card,HR
Car,Parking Fee,4383.96,13-05-2024,Cash,IT
Air,Baggage Fee,2610.35,28-06-2024,Cash,Finance
Hotel,Mini Bar,4564.56,08-03-2024,Card,Finance
Air,Domestic Flight,223.82,04-11-2024,Cash,Sales
Car,Parking Fee,4179.04,25-09-2024,Card,Sales
Hotel,Laundry,3903.61,21-05-2024,Cash,Sales
Hotel,Hotel WiFi,4296.07,25-03-2024,Card,HR
Hotel,Mini Bar,198.37,25-03-2024,Cash,Operations
Car,Fuel,4955.07,10-07-2024,Cash,Sales
Air,Domestic Flight,1118.81,07-11-2024,Card,Marketing
Car,Driver Tip,4118.78,30-08-2024,Cash,Operations
Car,Driver Tip,1931.17,13-06-2024,Cash,Sales
Hotel,Mini Bar,1275.56,02-06-2024,Card,Operations
Air,Domestic Flight,4990.18,25-06-2024,Card,Finance
Hotel,Hotel Stay,2137.36,01-03-2024,Card,HR
Air,Baggage Fee,3550.55,30-08-2024,Cash,HR
Air,Seat Selection,3601.66,02-12-2024,Card,Finance
Air,International Flight,3568.57,30-09-2024,Cash,HR
Car,Fuel,2207.22,26-08-2024,Cash,IT
Air,International Flight,2513.33,02-07-2024,Cash,Marketing
Air,Domestic Flight,235.2,18-07-2024,Cash,Marketing
Air,International Flight,574.93,22-08-2024,Card,Operations
Car,Driver Tip,4603.78,10-05-2024,Cash,IT
Car,Fuel,1014.7,01-03-2024,Cash,Operations
Hotel,Laundry,2799.44,19-05-2024,Card,IT
Car,Toll Charges,760.16,25-09-2024,Card,IT
Air,Baggage Fee,3925.85,20-01-2025,Cash,Operations
Air,Seat Selection,1800.82,29-06-2024,Card,Operations
Air,Domestic Flight,431.38,26-11-2024,Cash,IT
Hotel,Mini Bar,3778.99,21-12-2024,Cash,Sales
Air,Seat Selection,1354.66,01-10-2024,Cash,Finance
Hotel,Room Service,2893.86,16-01-2025,Card,HR
Car,Driver Tip,1307.95,21-06-2024,Cash,IT
Hotel,Mini Bar,4561.14,10-04-2024,Cash,Finance
Car,Parking Fee,4596.13,18-11-2024,Cash,HR
Hotel,Laundry,893.79,22-08-2024,Cash,Marketing
Hotel,Hotel WiFi,4224.42,13-01-2025,Cash,Marketing
Car,Car Rental,1417.28,03-07-2024,Card,Sales
Car,Driver Tip,4778.15,24-08-2024,Card,Finance
Car,Fuel,3248.1,04-01-2025,Card,Operations
Hotel,Room Service,4561.02,19-01-2025,Card,HR
Hotel,Hotel Stay,1603.76,10-05-2024,Card,Finance
Car,Fuel,2174.77,06-09-2024,Cash,HR
Air,Seat Selection,1982.76,28-02-2024,Card,Sales
Car,Toll Charges,2996.56,02-04-2024,Cash,HR
Air,Seat Selection,4226.77,12-08-2024,Card,HR
Air,Baggage Fee,1471.43,20-05-2024,Card,Sales
Car,Driver Tip,1824.3,25-05-2024,Card,Operations
Hotel,Room Service,3575.55,28-11-2024,Cash,Operations
Hotel,Hotel Stay,4274.72,10-08-2024,Card,Finance
Car,Driver Tip,3476.82,14-07-2024,Card,IT
Hotel,Hotel WiFi,909.24,03-12-2024,Cash,Operations
Hotel,Laundry,2313.54,24-10-2024,Card,Finance
Car,Fuel,4411.79,25-08-2024,Cash,Marketing
Air,Seat Selection,141.07,04-06-2024,Cash,HR
Car,Car Rental,3249.8,06-07-2024,Cash,IT
Car,Parking Fee,442.37,12-03-2024,Card,Operations
Hotel,Hotel Stay,2771.19,14-07-2024,Cash,Operations
Car,Fuel,364.31,27-01-2025,Card,Finance
Air,Baggage Fee,1143.72,01-02-2025,Cash,Finance
Air,Airport Lounge,266.32,13-03-2024,Card,Marketing
Hotel,Laundry,851.41,18-10-2024,Cash,Marketing
Hotel,Mini Bar,3614.78,23-02-2024,Card,Finance
Air,Domestic Flight,1283.81,05-02-2025,Card,HR
Car,Parking Fee,1010.26,07-08-2024,Card,Finance
Air,Baggage Fee,2365.87,03-02-2025,Cash,Finance
Air,Airport Lounge,1134.96,13-01-2025,Cash,Marketing
Air,Baggage Fee,1293.26,28-02-2024,Card,HR
Air,International Flight,1571.79,30-04-2024,Card,Sales
Car,Driver Tip,4024.39,22-05-2024,Cash,Finance
Hotel,Hotel Stay,975.67,18-02-2024,Card,IT
Car,Driver Tip,3140.05,21-04-2024,Cash,Marketing
Hotel,Hotel Stay,83.14,20-02-2024,Cash,Operations
Car,Driver Tip,1947.85,19-10-2024,Card,IT
Car,Driver Tip,2629.94,19-08-2024,Cash,Sales
Car,Driver Tip,4915.56,21-08-2024,Card,Operations
Car,Parking Fee,829.85,08-10-2024,Card,Sales
Car,Driver Tip,2858.23,30-03-2024,Card,Marketing
Car,Driver Tip,3116.92,20-08-2024,Cash,Operations
Air,International Flight,174.14,04-02-2025,Cash,IT
Hotel,Room Service,1579.66,13-05-2024,Card,Sales
Air,Domestic Flight,371.29,04-10-2024,Card,IT
Air,Domestic Flight,2056.75,17-04-2024,Card,Operations
Car,Car Rental,3520.7,15-02-2024,Cash,IT
Car,Fuel,3865.87,28-01-2025,Card,HR
Hotel,Hotel Stay,510.41,22-11-2024,Cash,Sales
Car,Toll Charges,4407.91,24-03-2024,Cash,Sales
Hotel,Laundry,2927.41,16-05-2024,Card,Marketing
Hotel,Room Service,3963.2,05-05-2024,Cash,Sales
Hotel,Hotel WiFi,4879.49,12-10-2024,Cash,HR
Car,Parking Fee,2070.14,11-11-2024,Cash,Marketing
Hotel,Mini Bar,1025.53,24-07-2024,Card,Operations
Car,Driver Tip,3608.63,20-10-2024,Card,Sales
Car,Car Rental,3211.1,08-08-2024,Cash,IT
Hotel,Hotel Stay,3823.15,21-04-2024,Card,HR
Air,Domestic Flight,4768.33,04-03-2024,Card,Finance
Air,Seat Selection,3226.55,27-02-2024,Cash,HR
Hotel,Mini Bar,442.05,12-10-2024,Card,Marketing
Air,International Flight,2187.15,17-12-2024,Cash,Sales
Hotel,Room Service,1329.33,23-01-2025,Card,IT
Car,Car Rental,3522.89,25-04-2024,Cash,Sales
Hotel,Room Service,4413.98,24-07-2024,Card,IT
Hotel,Room Service,4107,28-01-2025,Card,Marketing
Hotel,Mini Bar,70.44,01-04-2024,Card,Marketing
Car,Fuel,1558.51,01-08-2024,Cash,Operations
Car,Parking Fee,3518.29,06-10-2024,Card,Sales
Air,International Flight,2134.64,27-10-2024,Cash,IT
Hotel,Hotel WiFi,1309.54,24-07-2024,Card,Finance
Car,Driver Tip,2591.95,13-03-2024,Cash,Operations
Car,Driver Tip,4245.47,11-01-2025,Card,Operations
Car,Toll Charges,860.7,17-04-2024,Cash,Marketing
Car,Driver Tip,4402.74,06-02-2025,Cash,Marketing
Car,Fuel,2829.58,21-08-2024,Cash,Sales
Hotel,Mini Bar,2497,05-06-2024,Cash,Marketing
Car,Car Rental,4973.31,23-06-2024,Cash,IT
Air,International Flight,521.59,25-03-2024,Cash,Operations
Car,Fuel,2527.09,15-06-2024,Card,Operations
Hotel,Room Service,3541.34,25-06-2024,Cash,Marketing
Air,Domestic Flight,3100.67,07-05-2024,Cash,Sales
Hotel,Hotel WiFi,1172.09,30-08-2024,Cash,Finance
Hotel,Mini Bar,3591.05,02-11-2024,Cash,HR
Car,Car Rental,3794.1,24-01-2025,Card,Operations
Hotel,Mini Bar,120.79,24-03-2024,Cash,Finance
Car,Parking Fee,1944.77,13-11-2024,Card,Sales
Air,Airport Lounge,217.96,01-09-2024,Cash,Operations
Car,Parking Fee,354.89,22-08-2024,Cash,Marketing
Car,Car Rental,3583.92,06-08-2024,Cash,Marketing
Air,Domestic Flight,1911.47,09-07-2024,Card,Sales
Car,Car Rental,520.73,08-01-2025,Card,HR
Air,Baggage Fee,4736.6,08-12-2024,Card,Operations
Air,International Flight,4935.99,23-11-2024,Cash,HR
Hotel,Mini Bar,4633.09,01-04-2024,Cash,Operations
Hotel,Hotel Stay,892.71,06-11-2024,Card,IT
Air,Seat Selection,450.88,04-05-2024,Card,Operations
Car,Toll Charges,3553.91,24-09-2024,Card,HR
Car,Car Rental,2669.07,29-08-2024,Card,Operations
Car,Driver Tip,4825.43,15-06-2024,Cash,Finance
Air,Domestic Flight,4107.23,17-11-2024,Cash,Finance
Air,Domestic Flight,4639.81,24-03-2024,Cash,IT
Hotel,Hotel WiFi,1917.78,02-09-2024,Card,Sales
Hotel,Hotel Stay,782.67,28-07-2024,Card,Sales
Air,Domestic Flight,1353.44,04-09-2024,Card,Sales
Car,Toll Charges,1117.26,08-06-2024,Card,Sales
Hotel,Laundry,3942,14-04-2024,Card,Marketing
Air,Baggage Fee,2646.7,27-04-2024,Card,IT
Car,Driver Tip,2375.05,02-08-2024,Card,Sales
Air,Seat Selection,1344.79,27-08-2024,Card,Finance
Air,Domestic Flight,512.49,29-03-2024,Cash,Finance
Hotel,Mini Bar,438.8,12-01-2025,Card,HR
Car,Fuel,573.13,04-02-2025,Card,Operations
Hotel,Laundry,1278.2,06-04-2024,Card,Sales
Car,Toll Charges,822.75,06-08-2024,Cash,HR
Car,Parking Fee,4141.57,10-08-2024,Cash,Sales
Air,Domestic Flight,4354.8,01-09-2024,Card,Finance
Hotel,Hotel Stay,1815.13,02-05-2024,Card,HR
Hotel,Mini Bar,1087.65,20-04-2024,Card,Marketing
Air,Baggage Fee,2855.99,03-10-2024,Cash,Finance
Air,Baggage Fee,2488.98,03-12-2024,Card,Sales
Air,Airport Lounge,3572.54,14-07-2024,Card,Finance
Air,Baggage Fee,1731.14,12-10-2024,Card,Sales
Car,Fuel,3292.99,08-08-2024,Cash,Marketing
Air,Seat Selection,3310.11,20-01-2025,Card,Operations
Car,Driver Tip,315.28,06-01-2025,Card,IT
Hotel,Hotel WiFi,3991.7,21-06-2024,Cash,HR
Air,Airport Lounge,2031.68,09-06-2024,Card,Marketing
Car,Parking Fee,2407.65,10-12-2024,Card,IT
Car,Car Rental,442.55,20-08-2024,Card,Marketing
Air,Domestic Flight,3376.83,27-10-2024,Cash,Sales
Hotel,Hotel Stay,1699.39,08-08-2024,Card,Marketing
Car,Toll Charges,496.63,28-12-2024,Cash,HR
Air,Baggage Fee,3269.92,06-07-2024,Cash,HR
Hotel,Laundry,4030.4,13-09-2024,Cash,Finance
Hotel,Hotel Stay,1174.11,25-04-2024,Cash,Operations
Hotel,Hotel WiFi,58.74,07-07-2024,Card,Sales
Air,Airport Lounge,2399.9,02-08-2024,Card,Sales
Hotel,Room Service,2725.82,19-04-2024,Card,Sales
Hotel,Mini Bar,4701.88,23-12-2024,Card,Sales
Air,International Flight,2807.69,29-07-2024,Card,HR
Hotel,Hotel WiFi,249.08,30-08-2024,Cash,Operations
Air,Seat Selection,148.38,09-10-2024,Card,Sales
Air,Domestic Flight,192.72,04-07-2024,Cash,Marketing
Hotel,Room Service,917.85,04-10-2024,Cash,Sales
Hotel,Room Service,1037.99,14-05-2024,Card,Marketing
Hotel,Laundry,4106.82,10-05-2024,Cash,Marketing
Car,Parking Fee,1724.47,01-05-2024,Cash,IT
Air,International Flight,3944.18,05-03-2024,Cash,Operations
Car,Parking Fee,2815.56,15-09-2024,Card,IT
Hotel,Hotel WiFi,2129.56,11-03-2024,Cash,Finance
Air,Domestic Flight,2315.75,05-05-2024,Card,Operations
Hotel,Mini Bar,1961.53,29-11-2024,Cash,Finance
Air,Domestic Flight,4269.89,14-12-2024,Cash,Finance
Air,International Flight,4453.24,26-04-2024,Card,IT
Air,Seat Selection,2050.07,23-02-2024,Card,Sales
Air,Baggage Fee,759.85,17-06-2024,Card,Operations
Air,Domestic Flight,3165.6,08-11-2024,Cash,HR
Car,Parking Fee,1195.51,05-12-2024,Card,Sales
Car,Car Rental,663.87,22-04-2024,Card,IT
Air,Seat Selection,2392.79,15-11-2024,Card,IT
Hotel,Hotel WiFi,3438.46,15-01-2025,Cash,Sales
Hotel,Room Service,2595.69,20-10-2024,Card,IT
Air,International Flight,837.23,07-06-2024,Card,Finance
Air,Seat Selection,495.31,23-08-2024,Card,Finance
Car,Toll Charges,2132.78,26-05-2024,Cash,Operations
Air,Domestic Flight,2144.71,19-03-2024,Cash,Operations
Car,Fuel,3800.27,17-09-2024,Card,HR
Car,Driver Tip,1629.64,13-07-2024,Card,Marketing
Hotel,Hotel Stay,277.26,12-03-2024,Card,Finance
Air,Domestic Flight,2837.78,14-08-2024,Cash,Operations
Car,Car Rental,1375.55,12-12-2024,Card,IT
Car,Parking Fee,3817.94,09-09-2024,Cash,Operations
Car,Parking Fee,629.91,06-07-2024,Cash,HR
Air,Baggage Fee,2107.1,07-07-2024,Card,IT
Car,Car Rental,1994.05,13-09-2024,Cash,Sales
Air,Airport Lounge,3749.7,02-10-2024,Cash,Sales
Air,Airport Lounge,2758.03,04-06-2024,Cash,IT
Car,Car Rental,3418.17,06-05-2024,Card,IT
Car,Fuel,1168.01,01-09-2024,Cash,IT
Air,International Flight,1048.53,05-02-2025,Cash,Finance
Air,Airport Lounge,1266.61,27-05-2024,Card,HR
Hotel,Mini Bar,3716.9,05-11-2024,Card,Operations
Hotel,Laundry,1625.1,12-12-2024,Cash,Operations
Hotel,Mini Bar,1642.3,17-01-2025,Card,Finance
Car,Parking Fee,220.11,09-11-2024,Card,Sales
Car,Toll Charges,1596.18,06-05-2024,Card,Operations
Hotel,Hotel Stay,1149.33,10-03-2024,Cash,Operations
Hotel,Mini Bar,4720.7,27-10-2024,Card,HR
Hotel,Room Service,838.65,29-03-2024,Cash,HR
Air,Airport Lounge,4531.13,06-05-2024,Card,Sales
Hotel,Hotel Stay,3215.03,12-03-2024,Card,HR
Car,Toll Charges,1625.8,30-11-2024,Cash,Marketing
Car,Toll Charges,482.35,20-10-2024,Card,Operations
Hotel,Hotel WiFi,4993.58,12-06-2024,Cash,Sales
Car,Parking Fee,3037.61,14-02-2024,Card,Operations
Car,Fuel,3477.89,26-04-2024,Cash,IT
Air,International Flight,4163.69,23-04-2024,Card,HR
Air,Baggage Fee,196.53,03-05-2024,Cash,HR
Car,Toll Charges,4285.44,27-02-2024,Card,IT
Hotel,Mini Bar,3065.65,27-09-2024,Card,Marketing
Air,Baggage Fee,3424.55,03-07-2024,Card,Finance
Hotel,Hotel Stay,1959.67,31-12-2024,Cash,IT
Air,International Flight,3525.22,27-01-2025,Cash,Operations
Car,Driver Tip,4633.41,29-07-2024,Card,Marketing
Air,Airport Lounge,4327.7,27-09-2024,Cash,HR
Air,Baggage Fee,1788.52,05-04-2024,Cash,Marketing
Hotel,Laundry,2160.77,08-10-2024,Cash,HR
Car,Parking Fee,4461.74,04-11-2024,Card,Operations
Hotel,Laundry,1395.61,11-07-2024,Card,HR
Hotel,Room Service,1917.05,16-12-2024,Cash,Sales
Car,Toll Charges,214.11,24-08-2024,Card,IT
Hotel,Laundry,4563.43,15-04-2024,Card,HR
Air,Airport Lounge,1250.3,28-03-2024,Cash,Operations
Car,Toll Charges,3619.77,15-06-2024,Card,Sales
Car,Fuel,2685.32,13-05-2024,Cash,Marketing
Hotel,Room Service,1809.87,07-05-2024,Cash,IT
Air,Domestic Flight,4180.55,22-06-2024,Cash,IT
Hotel,Hotel Stay,4789.39,19-08-2024,Card,HR
Car,Toll Charges,4042.8,18-02-2024,Cash,Finance
Hotel,Room Service,755.59,29-02-2024,Card,Sales
Hotel,Room Service,4836.5,02-02-2025,Card,Operations
Hotel,Room Service,1854.55,21-05-2024,Cash,HR
Hotel,Hotel Stay,3083.51,05-06-2024,Cash,Operations
Hotel,Laundry,2777.14,16-11-2024,Card,Marketing
Air,Airport Lounge,240.36,02-06-2024,Card,Sales
Air,Baggage Fee,4997.72,29-03-2024,Card,HR
Car,Car Rental,3755.35,01-07-2024,Card,IT
Air,Seat Selection,216,17-06-2024,Cash,Finance
Hotel,Laundry,698.97,03-08-2024,Card,Finance
Car,Car Rental,2779.95,01-06-2024,Cash,Operations
Hotel,Mini Bar,4404.2,27-07-2024,Card,Operations
Hotel,Room Service,4416.25,17-08-2024,Card,Finance
Car,Parking Fee,1554.65,16-08-2024,Card,Sales
Hotel,Room Service,2887.08,28-10-2024,Cash,HR
Air,Baggage Fee,4572.97,28-02-2024,Cash,Sales
Hotel,Laundry,1230.4,13-05-2024,Cash,Marketing
Car,Fuel,4730.85,14-12-2024,Card,Operations
Car,Driver Tip,676.38,16-05-2024,Cash,Operations
Hotel,Hotel Stay,3216.35,27-01-2025,Card,Finance
Hotel,Hotel Stay,2147.99,04-11-2024,Card,Operations
Hotel,Laundry,1834.71,31-07-2024,Cash,Finance
Hotel,Hotel Stay,1166.55,14-05-2024,Card,Finance
Car,Toll Charges,1759.77,16-03-2024,Cash,Sales
Air,Baggage Fee,4925.35,03-06-2024,Cash,Marketing
Hotel,Hotel WiFi,276.22,07-08-2024,Card,IT
Hotel,Hotel Stay,4337.53,26-04-2024,Cash,Marketing
Air,International Flight,2830.37,14-10-2024,Cash,Marketing
Car,Driver Tip,237.77,12-01-2025,Card,Operations
Car,Car Rental,1686.31,03-01-2025,Card,Finance
Air,Baggage Fee,1230.84,06-03-2024,Cash,Sales
Hotel,Laundry,138.44,01-06-2024,Card,Marketing
Car,Parking Fee,2110.47,11-10-2024,Card,Marketing
Hotel,Room Service,4719.46,30-11-2024,Card,Sales
Car,Driver Tip,277.41,08-10-2024,Cash,Operations
Air,Airport Lounge,4791.05,28-03-2024,Card,IT
Hotel,Hotel Stay,1568.36,16-07-2024,Cash,HR
Car,Car Rental,982.17,09-03-2024,Cash,IT
Air,Baggage Fee,4260.4,20-12-2024,Cash,Operations
Air,International Flight,1933.74,17-02-2024,Card,Marketing
Air,International Flight,2491.6,30-09-2024,Card,Finance
Air,Baggage Fee,1003.65,12-08-2024,Cash,IT
Air,Seat Selection,2180.8,23-04-2024,Card,Marketing
Car,Parking Fee,4003.12,23-07-2024,Card,Finance
Hotel,Hotel Stay,3253.67,23-04-2024,Cash,Finance
Hotel,Room Service,1704.13,07-06-2024,Card,Finance
Hotel,Room Service,4838.34,14-07-2024,Cash,Finance
Air,Seat Selection,840.34,04-01-2025,Cash,Operations
Air,Domestic Flight,3926.25,24-02-2024,Cash,IT
Car,Driver Tip,340.87,26-07-2024,Card,HR
Car,Driver Tip,919.74,23-09-2024,Cash,IT
Air,Airport Lounge,4639.7,26-08-2024,Card,Sales
Car,Car Rental,1355.95,08-11-2024,Card,Marketing
Air,International Flight,2197.37,26-05-2024,Cash,HR
Air,International Flight,1427.26,05-02-2025,Cash,Marketing
Air,Domestic Flight,1039.19,22-11-2024,Card,Finance
Air,Seat Selection,4223.33,08-12-2024,Card,HR
Hotel,Room Service,3596.62,10-04-2024,Cash,HR
Air,Airport Lounge,3228.58,10-10-2024,Card,HR
Air,Airport Lounge,2743.82,10-04-2024,Cash,HR
Hotel,Mini Bar,1270.89,25-08-2024,Card,Operations
Air,Seat Selection,2331.85,29-01-2025,Cash,IT
Air,Airport Lounge,1787.13,04-04-2024,Card,HR
Hotel,Hotel Stay,3186.99,21-02-2024,Card,Operations
Car,Parking Fee,2973.7,06-06-2024,Cash,HR
Car,Parking Fee,4458.26,27-07-2024,Card,Sales
Car,Parking Fee,4594.28,03-08-2024,Card,Finance
Air,Baggage Fee,2319.75,02-01-2025,Cash,Operations
Car,Parking Fee,4950.8,12-05-2024,Cash,Operations
Car,Driver Tip,4597.62,10-12-2024,Card,Finance
Hotel,Hotel WiFi,3075.22,19-07-2024,Card,Operations
Car,Toll Charges,3391.79,25-12-2024,Cash,Operations
Air,Seat Selection,695.03,22-06-2024,Card,Sales
Air,Baggage Fee,4772.03,11-07-2024,Cash,Marketing
Car,Parking Fee,2467.65,26-08-2024,Cash,Sales
Air,Airport Lounge,3859.31,30-07-2024,Card,HR
Car,Driver Tip,245.57,08-10-2024,Card,HR
Hotel,Room Service,546.31,09-05-2024,Cash,IT
Car,Toll Charges,923.96,26-07-2024,Cash,Operations
Car,Fuel,2162.27,02-10-2024,Card,HR
Car,Car Rental,645.69,21-11-2024,Cash,HR
Hotel,Laundry,1660.35,21-09-2024,Cash,IT
Car,Car Rental,2610,22-03-2024,Cash,Finance
Air,Domestic Flight,2030.28,30-10-2024,Card,HR
Air,International Flight,1991.84,04-12-2024,Card,IT
Air,Domestic Flight,3498.43,21-06-2024,Card,IT
Hotel,Hotel WiFi,1354.39,06-03-2024,Cash,Operations
Air,Seat Selection,4886.96,19-10-2024,Cash,Operations
Hotel,Laundry,1204.81,12-06-2024,Card,HR
Car,Car Rental,1957.35,03-07-2024,Card,IT
Air,Airport Lounge,2148.95,20-03-2024,Cash,Finance
Car,Car Rental,801.81,05-01-2025,Cash,IT
Car,Parking Fee,2569.93,15-02-2024,Card,Operations
Air,Domestic Flight,4302.91,27-10-2024,Card,Sales
Air,Domestic Flight,1135.41,21-10-2024,Cash,HR
Car,Parking Fee,4535.11,01-08-2024,Cash,Sales
Car,Parking Fee,1362.7,06-05-2024,Cash,HR
Air,Seat Selection,2243.17,17-12-2024,Cash,Operations
Hotel,Room Service,4161.74,03-02-2025,Cash,Marketing
Air,Domestic Flight,4517.44,17-07-2024,Cash,Marketing
Hotel,Room Service,4728.85,13-01-2025,Cash,IT
Air,Airport Lounge,1265.64,22-02-2024,Card,Marketing
Air,Baggage Fee,3399.88,06-08-2024,Cash,HR
Hotel,Mini Bar,4708.59,23-06-2024,Card,Marketing
Hotel,Hotel WiFi,193.29,23-04-2024,Cash,HR
Air,Baggage Fee,1543.98,15-05-2024,Cash,Marketing
Air,Domestic Flight,4856.85,12-04-2024,Cash,Marketing
Air,Baggage Fee,2289.44,13-12-2024,Card,Operations
Car,Parking Fee,433.52,21-10-2024,Card,Operations
Car,Parking Fee,567.36,03-04-2024,Card,Finance
Car,Car Rental,3390.59,04-07-2024,Card,Operations
Hotel,Mini Bar,2950.54,08-04-2024,Card,Finance
Hotel,Hotel WiFi,3114.31,26-03-2024,Cash,Operations
Car,Parking Fee,4080.44,04-05-2024,Card,Sales
Air,International Flight,4068.4,12-12-2024,Card,Finance
Hotel,Hotel WiFi,3266.8,07-08-2024,Cash,Finance
Air,Baggage Fee,4110.34,03-09-2024,Cash,HR
Hotel,Room Service,3395.3,23-03-2024,Cash,Operations
Air,Seat Selection,880.37,16-05-2024,Cash,Marketing
Hotel,Hotel WiFi,2555.13,10-04-2024,Cash,Finance
Car,Fuel,4661.86,21-02-2024,Cash,Operations
Car,Parking Fee,2610.86,09-04-2024,Card,Sales
Car,Parking Fee,2656.26,25-12-2024,Card,HR
Air,Domestic Flight,122.86,08-12-2024,Card,Marketing
Hotel,Room Service,1799.7,23-11-2024,Cash,Finance
Car,Driver Tip,4553.96,19-07-2024,Card,Operations
Air,Baggage Fee,3133.53,21-07-2024,Card,Sales
Hotel,Room Service,3269.56,17-03-2024,Card,Marketing
Car,Toll Charges,1036.74,10-03-2024,Card,Operations
Hotel,Hotel Stay,4719.06,22-01-2025,Cash,Finance
Hotel,Room Service,1516.48,25-06-2024,Card,Operations
Hotel,Hotel WiFi,2877.88,22-01-2025,Card,Sales
Hotel,Hotel Stay,1341.52,30-01-2025,Card,Finance
Air,Domestic Flight,2536.59,01-07-2024,Card,Marketing
Car,Fuel,4193.9,06-02-2025,Cash,IT
Car,Driver Tip,4371.59,27-07-2024,Card,Sales
Air,Airport Lounge,211.92,19-01-2025,Card,HR
Hotel,Hotel Stay,3103.27,15-02-2024,Card,Finance
Car,Toll Charges,3765.06,19-12-2024,Card,Marketing
Air,International Flight,2161.36,12-06-2024,Cash,Finance
Hotel,Hotel WiFi,1816.57,10-01-2025,Cash,HR
Air,Baggage Fee,3709.8,05-06-2024,Card,HR
Air,Domestic Flight,2388.19,31-12-2024,Card,Finance
Air,Baggage Fee,3893.83,28-06-2024,Card,Marketing
Air,Seat Selection,4982.48,06-11-2024,Card,Marketing
Car,Parking Fee,170.03,19-06-2024,Card,Operations
Hotel,Mini Bar,4336.6,10-07-2024,Cash,Sales
Hotel,Room Service,3787.71,17-03-2024,Cash,Finance
Car,Toll Charges,125.78,07-03-2024,Cash,Sales
Car,Car Rental,1852.08,27-07-2024,Card,Sales
Hotel,Room Service,3470.8,18-03-2024,Cash,Sales
Air,International Flight,3061.44,30-05-2024,Card,Finance
Car,Driver Tip,3357.84,05-05-2024,Cash,Finance
Car,Toll Charges,2146.73,10-04-2024,Cash,Operations
Car,Fuel,4998.38,22-11-2024,Card,Operations
Car,Driver Tip,4225.55,28-09-2024,Cash,Marketing
Hotel,Hotel Stay,4744.39,07-01-2025,Card,Finance
Car,Toll Charges,3177.96,21-07-2024,Card,HR
Hotel,Hotel Stay,4953.93,25-11-2024,Card,Sales
Hotel,Laundry,1264.35,07-07-2024,Cash,Sales
Car,Driver Tip,833.05,20-01-2025,Card,Finance
Hotel,Hotel Stay,3671.88,18-03-2024,Cash,Operations
Air,Seat Selection,4201.42,16-02-2024,Card,IT
Air,Baggage Fee,2368.85,14-11-2024,Cash,Finance
Air,Seat Selection,121.96,19-10-2024,Cash,IT
Hotel,Room Service,1656.89,07-01-2025,Card,HR
Hotel,Room Service,4328.71,14-08-2024,Card,Finance
Air,Domestic Flight,4613.7,12-01-2025,Card,Marketing
Hotel,Hotel WiFi,4403.96,29-01-2025,Cash,IT
Hotel,Mini Bar,3344.76,22-07-2024,Cash,Finance
Car,Car Rental,2609.92,28-09-2024,Card,Sales
Hotel,Room Service,1479.56,05-12-2024,Card,Operations
Car,Toll Charges,4589.86,23-07-2024,Cash,HR
Air,Airport Lounge,966.78,17-11-2024,Cash,Finance
Air,Baggage Fee,1308.62,14-09-2024,Card,Marketing
Car,Parking Fee,3959.72,09-01-2025,Card,Operations
Air,International Flight,1553.24,12-12-2024,Cash,Sales
Car,Fuel,4447.55,10-07-2024,Cash,Marketing
Car,Driver Tip,2972.21,13-02-2024,Card,IT
Air,Airport Lounge,812.39,05-02-2025,Cash,Sales
Car,Car Rental,3066.94,30-01-2025,Cash,Marketing
Car,Toll Charges,3535.47,27-03-2024,Card,HR
Hotel,Laundry,2484.54,01-07-2024,Card,Sales
Air,International Flight,1725.2,19-04-2024,Card,Sales
Car,Parking Fee,2671.7,30-11-2024,Cash,IT
Car,Driver Tip,4301,22-10-2024,Card,HR
Car,Driver Tip,3645.3,06-05-2024,Cash,Sales
Car,Car Rental,2755.43,28-06-2024,Cash,Sales
Hotel,Room Service,1358.47,01-12-2024,Cash,Marketing
Hotel,Hotel WiFi,2087.43,10-01-2025,Card,IT
Car,Toll Charges,3465.86,27-08-2024,Cash,Sales
Car,Parking Fee,2986.03,01-09-2024,Cash,Operations
Air,Seat Selection,2158.46,09-10-2024,Cash,HR
Air,Domestic Flight,2213.39,02-04-2024,Card,Operations
Air,Baggage Fee,308.3,01-01-2025,Cash,Sales
Car,Parking Fee,4923.39,07-05-2024,Card,IT
Hotel,Laundry,3105.27,04-07-2024,Card,Finance
Air,Baggage Fee,4006.56,01-08-2024,Cash,Sales
Car,Fuel,3708.05,13-08-2024,Cash,Sales
Hotel,Room Service,4662.94,08-01-2025,Cash,Finance
Car,Driver Tip,532.04,15-07-2024,Card,IT
Air,International Flight,3184.62,19-01-2025,Cash,Finance
Hotel,Mini Bar,1759.11,27-06-2024,Cash,IT
Hotel,Hotel Stay,1933.29,02-08-2024,Cash,Sales
Hotel,Hotel Stay,1335.97,07-07-2024,Cash,HR
Air,Airport Lounge,940.17,04-01-2025,Cash,Finance
Car,Parking Fee,3748.91,19-10-2024,Card,Finance
Hotel,Hotel Stay,2312.28,12-01-2025,Card,Marketing
Car,Driver Tip,4390.64,04-02-2025,Cash,Marketing
Hotel,Hotel WiFi,403.44,23-04-2024,Cash,Finance
Air,Domestic Flight,4058.97,25-07-2024,Cash,Operations
Hotel,Hotel Stay,2227.77,26-05-2024,Cash,HR
Hotel,Room Service,644.01,12-10-2024,Cash,Marketing
Air,Airport Lounge,2570.43,13-04-2024,Cash,Operations
Hotel,Laundry,4120.85,13-06-2024,Cash,Operations
Hotel,Hotel WiFi,2159.21,16-12-2024,Cash,IT
Car,Parking Fee,4715.16,29-01-2025,Cash,Marketing
Car,Toll Charges,4389.73,01-12-2024,Cash,Sales
Car,Fuel,180.26,01-10-2024,Cash,Marketing
Car,Parking Fee,3747.7,15-01-2025,Cash,Marketing
Air,Baggage Fee,1163.49,30-03-2024,Cash,HR
Car,Car Rental,1406.52,16-11-2024,Card,Operations
Hotel,Hotel WiFi,3457.43,22-01-2025,Cash,Operations
Hotel,Hotel Stay,396.3,01-08-2024,Card,Finance
Air,Seat Selection,1219.05,10-12-2024,Cash,Finance
Air,Domestic Flight,4382.89,18-05-2024,Card,Marketing
Hotel,Hotel WiFi,1643.37,21-10-2024,Card,Marketing
Hotel,Hotel Stay,2941.62,09-02-2025,Card,Sales
Car,Toll Charges,2519.88,08-03-2024,Cash,IT
Hotel,Laundry,1841.89,12-07-2024,Card,Sales
Car,Car Rental,1760.23,14-10-2024,Cash,Marketing
Car,Toll Charges,3217.88,07-02-2025,Card,Operations
Car,Fuel,4865.54,16-08-2024,Card,Marketing
Hotel,Mini Bar,1458.04,08-08-2024,Card,IT
Air,Baggage Fee,631.07,24-11-2024,Card,Marketing
Car,Toll Charges,2842.7,25-11-2024,Cash,HR
Car,Driver Tip,1927.27,12-05-2024,Card,Finance
Air,Domestic Flight,1462.6,19-10-2024,Cash,Finance
Car,Toll Charges,2659.31,15-08-2024,Cash,Marketing
Car,Driver Tip,2601.63,03-08-2024,Cash,Sales
Air,Airport Lounge,1199.49,21-09-2024,Cash,Marketing
Air,Seat Selection,3290.88,24-03-2024,Cash,Sales
Car,Driver Tip,2336.81,07-09-2024,Card,Operations
Air,Seat Selection,1727.84,01-05-2024,Cash,Sales
Car,Car Rental,2575.33,08-06-2024,Cash,Operations
Air,Domestic Flight,1416.5,29-01-2025,Card,HR
Air,Baggage Fee,2036.84,29-02-2024,Card,Sales
Car,Fuel,2696.85,04-04-2024,Cash,Sales
Hotel,Mini Bar,2165.72,15-02-2024,Card,IT
Hotel,Hotel WiFi,4041.29,16-02-2024,Card,IT
Hotel,Hotel WiFi,3268.58,28-03-2024,Cash,Marketing
Air,International Flight,1407.61,16-05-2024,Cash,HR
Car,Toll Charges,1606.53,23-08-2024,Card,IT
Hotel,Hotel Stay,866.35,16-03-2024,Card,Marketing
Air,International Flight,3504.59,02-07-2024,Cash,IT
Hotel,Mini Bar,745.29,12-06-2024,Card,HR
Air,International Flight,3297.37,15-11-2024,Cash,IT
Hotel,Room Service,3697.04,21-10-2024,Cash,HR
Air,Seat Selection,4387.58,20-01-2025,Cash,IT
Car,Fuel,743.8,27-08-2024,Cash,IT
Car,Driver Tip,4286.14,28-10-2024,Cash,Sales
Air,Seat Selection,1070.59,10-01-2025,Card,HR
Air,Domestic Flight,4610.35,02-06-2024,Card,Marketing
Air,Seat Selection,1457.38,13-04-2024,Cash,Sales
Hotel,Room Service,3349.26,11-12-2024,Cash,Marketing
Hotel,Room Service,3183.49,01-08-2024,Cash,Operations
Air,Airport Lounge,3840.39,23-02-2024,Cash,Finance
Hotel,Hotel WiFi,678.13,09-10-2024,Cash,Finance
Car,Car Rental,1408.48,15-11-2024,Card,Marketing
Car,Parking Fee,2271.54,18-01-2025,Card,HR
Hotel,Room Service,2748.53,06-10-2024,Cash,Marketing
Air,International Flight,797.88,29-10-2024,Card,Operations
Air,Domestic Flight,1887.09,07-07-2024,Card,Operations
Hotel,Laundry,605.47,29-10-2024,Cash,Operations
Hotel,Laundry,3793.95,15-03-2024,Cash,Sales
Hotel,Hotel Stay,1668.09,27-12-2024,Card,Marketing
Air,Baggage Fee,4715.35,12-03-2024,Card,IT
Air,Domestic Flight,3201.14,24-01-2025,Card,Operations
Air,Airport Lounge,3113.89,02-06-2024,Cash,IT
Air,Airport Lounge,370.39,18-09-2024,Card,IT
Air,Airport Lounge,4174.22,20-02-2024,Cash,IT
Car,Fuel,1178.44,09-11-2024,Card,Sales
Car,Parking Fee,4761.86,20-12-2024,Cash,Finance
Air,Seat Selection,1634.62,11-01-2025,Cash,IT
Air,Baggage Fee,238.91,21-07-2024,Cash,Marketing
Hotel,Hotel WiFi,483.86,06-12-2024,Card,Finance
Car,Parking Fee,3846.08,18-07-2024,Card,Finance
Air,International Flight,611.79,08-04-2024,Cash,Operations
Hotel,Hotel Stay,1024.62,02-11-2024,Cash,Finance
Air,Baggage Fee,2557.29,30-11-2024,Cash,IT
Car,Driver Tip,239.82,01-12-2024,Card,Finance
Car,Toll Charges,1774.24,14-03-2024,Card,Marketing
Hotel,Hotel WiFi,264.2,03-11-2024,Cash,Marketing
Car,Parking Fee,2979.84,23-03-2024,Card,Sales
Air,Seat Selection,2535.89,26-10-2024,Cash,HR
Air,Seat Selection,2676.94,24-03-2024,Cash,IT
Hotel,Hotel WiFi,1575.36,11-02-2024,Cash,Sales
Car,Fuel,646.73,29-02-2024,Cash,Finance
Car,Fuel,1621.14,31-05-2024,Card,IT
Car,Toll Charges,1382.39,26-07-2024,Card,Finance
Car,Car Rental,1110.71,30-12-2024,Cash,Marketing
Hotel,Laundry,3310.35,18-11-2024,Cash,Finance
Car,Toll Charges,4336.66,03-01-2025,Card,HR
Hotel,Mini Bar,2358.67,09-10-2024,Card,IT
Car,Driver Tip,4378.52,15-12-2024,Cash,Finance
Hotel,Laundry,1385.29,23-08-2024,Cash,Sales
Air,Baggage Fee,101.08,20-08-2024,Cash,Sales
Hotel,Mini Bar,4559.04,29-04-2024,Card,Operations
Hotel,Laundry,3347.11,14-02-2024,Card,HR
Air,International Flight,1694.03,22-10-2024,Card,Sales
Hotel,Laundry,2746.28,22-01-2025,Cash,Operations
Air,Seat Selection,3973.69,06-07-2024,Cash,Sales
Car,Car Rental,4784.83,29-05-2024,Card,HR
Air,International Flight,2073.68,07-07-2024,Cash,HR
Car,Driver Tip,2424.42,05-01-2025,Cash,Sales
Air,Baggage Fee,1498.79,25-06-2024,Card,Finance
Car,Toll Charges,1841.19,23-06-2024,Card,Finance
Car,Car Rental,4550.85,18-05-2024,Card,Sales
Air,Seat Selection,4732.49,22-05-2024,Cash,Marketing
Car,Driver Tip,3424.69,27-02-2024,Card,Finance
Air,Domestic Flight,1169.97,16-02-2024,Cash,Finance
Air,Airport Lounge,4435.05,19-10-2024,Card,Finance
Air,Domestic Flight,1307.41,03-11-2024,Card,Operations
Hotel,Laundry,2971.29,21-07-2024,Card,IT
Air,Domestic Flight,3083.58,15-05-2024,Cash,HR
Car,Car Rental,607.99,17-06-2024,Card,IT
Air,Airport Lounge,299.17,02-03-2024,Card,Operations
Hotel,Hotel Stay,2575.63,03-03-2024,Cash,IT
Hotel,Hotel WiFi,3086.93,08-11-2024,Card,Operations
Air,Domestic Flight,2953.92,06-02-2025,Cash,Sales
Air,Baggage Fee,1640.46,18-01-2025,Cash,Operations
Car,Fuel,2514.35,18-03-2024,Cash,Sales
Car,Parking Fee,1039.63,09-08-2024,Card,Finance
Car,Parking Fee,2819.54,22-01-2025,Card,Marketing
Car,Driver Tip,4508.02,28-07-2024,Card,Finance
Car,Toll Charges,2102.98,28-03-2024,Card,Sales
Car,Toll Charges,4204.16,20-04-2024,Cash,Marketing
Hotel,Hotel WiFi,1241.88,27-09-2024,Cash,IT
Hotel,Hotel WiFi,989.37,12-03-2024,Cash,IT
Hotel,Laundry,218.47,14-12-2024,Card,Operations
Air,Airport Lounge,704.64,08-08-2024,Cash,Finance
Car,Fuel,3700.33,14-12-2024,Cash,Marketing
Car,Fuel,758.6,16-05-2024,Cash,HR
Car,Driver Tip,2611.32,10-12-2024,Card,IT
Car,Parking Fee,4203.4,25-10-2024,Cash,HR
Hotel,Room Service,2062.61,23-01-2025,Cash,IT
Air,Airport Lounge,4959.04,08-04-2024,Cash,Sales
Car,Car Rental,2420.27,30-09-2024,Card,Operations
Air,International Flight,2981.88,25-02-2024,Card,Sales
Car,Fuel,4742.93,12-04-2024,Cash,Finance
Car,Driver Tip,2225.05,20-10-2024,Card,Marketing
Car,Toll Charges,3039.36,01-03-2024,Card,Marketing
Hotel,Mini Bar,1086.94,24-03-2024,Card,Marketing
Car,Toll Charges,3068.51,29-02-2024,Cash,HR
Air,Seat Selection,2137.46,28-11-2024,Card,IT
Air,Domestic Flight,492.16,19-08-2024,Cash,Finance
Air,Domestic Flight,787.82,18-03-2024,Card,Sales
Hotel,Laundry,4850.81,30-04-2024,Card,HR
Air,Seat Selection,4861.24,20-12-2024,Cash,Sales
Air,Domestic Flight,3361.13,04-08-2024,Card,Sales
Air,Airport Lounge,2655.66,04-08-2024,Card,HR
Car,Parking Fee,2240.55,15-07-2024,Cash,IT
Car,Parking Fee,1545.38,09-06-2024,Cash,Marketing
Car,Toll Charges,2258.99,16-10-2024,Card,Finance
Hotel,Hotel WiFi,2566.32,21-03-2024,Cash,Operations
Air,Airport Lounge,407.35,06-04-2024,Cash,Finance
Hotel,Mini Bar,1064.23,13-05-2024,Card,Operations
Air,Baggage Fee,3826.24,25-06-2024,Cash,Operations
Hotel,Mini Bar,3594.99,27-12-2024,Card,HR
Hotel,Hotel Stay,4073.56,20-08-2024,Cash,IT
Hotel,Hotel Stay,4511.14,26-03-2024,Cash,IT
Car,Toll Charges,1944.84,22-01-2025,Cash,IT
Car,Fuel,4760.14,21-02-2024,Cash,Operations
Hotel,Room Service,1444.23,05-04-2024,Cash,HR
Air,Domestic Flight,53.06,19-03-2024,Card,IT
Hotel,Hotel WiFi,2399.38,19-04-2024,Cash,Operations
Car,Car Rental,4814.43,09-02-2025,Cash,Finance
Car,Fuel,2668.01,22-12-2024,Cash,HR
Air,Domestic Flight,2000.74,17-04-2024,Card,Operations
Car,Car Rental,2100.85,19-11-2024,Cash,HR
Car,Fuel,4692.1,13-07-2024,Card,HR
Car,Toll Charges,2877.58,09-05-2024,Cash,HR
Air,Seat Selection,3000.53,02-11-2024,Card,HR
Car,Toll Charges,3864.16,06-01-2025,Card,Marketing
Car,Parking Fee,3983.95,29-10-2024,Cash,Marketing
Hotel,Laundry,2219.92,25-12-2024,Cash,Sales
Car,Parking Fee,1789.34,07-11-2024,Cash,Sales
Hotel,Hotel Stay,1074.66,22-12-2024,Cash,Finance
Hotel,Hotel Stay,363.05,09-07-2024,Cash,Finance
Hotel,Mini Bar,2104.54,20-01-2025,Card,Sales
Hotel,Laundry,2148.46,21-04-2024,Card,Sales
Hotel,Mini Bar,3710.77,24-09-2024,Card,HR
Air,International Flight,1876.43,20-05-2024,Cash,HR
Air,Airport Lounge,2175.76,31-07-2024,Card,HR
Hotel,Hotel WiFi,2089.07,28-04-2024,Card,HR
Hotel,Hotel WiFi,1348.75,21-01-2025,Card,Sales
Hotel,Mini Bar,1673.78,09-11-2024,Cash,Marketing
Car,Toll Charges,1009.4,13-05-2024,Cash,Sales
Hotel,Room Service,872.05,06-06-2024,Cash,HR
Air,Baggage Fee,4466.97,28-10-2024,Card,IT
Hotel,Laundry,1097.79,07-02-2025,Cash,Operations
Car,Toll Charges,4112.66,24-08-2024,Card,Sales
Air,Airport Lounge,2399.8,10-04-2024,Card,HR
Air,Airport Lounge,4085.03,05-07-2024,Card,Operations
Hotel,Mini Bar,489.34,11-05-2024,Cash,HR
Car,Fuel,3218.55,02-05-2024,Card,HR
Air,Seat Selection,3199.17,08-11-2024,Cash,Sales
Car,Toll Charges,2144.28,15-12-2024,Cash,Finance
Car,Parking Fee,1249.65,01-11-2024,Card,Marketing
Car,Parking Fee,1128.37,23-02-2024,Card,Operations
Hotel,Mini Bar,3906.49,29-10-2024,Card,HR
Car,Toll Charges,1904.9,05-02-2025,Cash,Finance
Car,Toll Charges,3818.39,29-05-2024,Card,Marketing
Car,Driver Tip,2525.11,26-02-2024,Cash,Sales
Car,Toll Charges,4540.1,17-10-2024,Cash,IT
Car,Driver Tip,3356.78,23-11-2024,Card,Sales
Air,Seat Selection,1722.98,19-08-2024,Cash,Sales
Car,Toll Charges,1922.05,01-05-2024,Card,HR
Hotel,Hotel Stay,4532.75,29-04-2024,Cash,HR
Hotel,Mini Bar,1874.75,05-08-2024,Cash,IT
Hotel,Hotel WiFi,4607.51,15-10-2024,Card,Sales
Air,International Flight,1604.7,26-02-2024,Cash,IT
Car,Driver Tip,1408.47,13-02-2024,Cash,Finance
Car,Driver Tip,3212.63,29-08-2024,Card,Operations
Car,Fuel,2163.81,07-06-2024,Card,IT
Air,International Flight,2417.33,14-03-2024,Card,HR
Air,Baggage Fee,2172.32,04-01-2025,Card,Marketing
Air,Baggage Fee,4702.32,14-02-2024,Card,Finance
Car,Driver Tip,3355.42,22-02-2024,Cash,IT
Car,Driver Tip,3107.5,14-12-2024,Card,IT
Air,Domestic Flight,647.92,04-08-2024,Cash,Operations
Car,Car Rental,3140.34,27-07-2024,Cash,Marketing
Car,Car Rental,4122.35,17-09-2024,Card,Marketing
Hotel,Room Service,735.06,13-06-2024,Cash,Sales
Air,Seat Selection,296.11,17-11-2024,Card,Sales
Hotel,Hotel WiFi,3880.87,29-12-2024,Cash,Operations
Car,Car Rental,3191.47,05-12-2024,Cash,IT
Air,International Flight,1462.03,19-01-2025,Card,Finance
Hotel,Mini Bar,3043.72,20-05-2024,Card,IT
Car,Toll Charges,4190.29,23-05-2024,Card,Marketing
Hotel,Hotel WiFi,318.69,05-04-2024,Card,Sales
Hotel,Hotel Stay,2625.3,10-05-2024,Card,HR
Car,Toll Charges,3503.37,08-06-2024,Cash,Marketing
Car,Parking Fee,3134.62,22-11-2024,Cash,Finance
Car,Parking Fee,1712.3,16-05-2024,Cash,Finance
Air,Seat Selection,2540.75,07-02-2025,Card,Operations
Air,Airport Lounge,1386.61,25-11-2024,Cash,Marketing
Hotel,Hotel Stay,2877.88,22-08-2024,Cash,HR
Hotel,Hotel WiFi,4175.93,08-10-2024,Card,Marketing
Air,Baggage Fee,4156.8,01-01-2025,Card,Marketing
Hotel,Hotel Stay,3752.8,10-10-2024,Cash,Operations
Hotel,Laundry,975.45,13-06-2024,Card,Operations
Car,Driver Tip,3092.78,22-12-2024,Cash,Operations
Air,Domestic Flight,3191.91,22-06-2024,Cash,Finance
Hotel,Laundry,3520.76,23-05-2024,Cash,Sales
Air,Seat Selection,696.67,09-11-2024,Card,Marketing
Car,Car Rental,1701.33,01-06-2024,Cash,Marketing
Hotel,Hotel WiFi,1621.11,13-05-2024,Cash,Sales
Air,Airport Lounge,3011.54,25-06-2024,Cash,Sales
Air,International Flight,2024.75,17-10-2024,Card,Operations
Hotel,Hotel Stay,3803.39,13-10-2024,Card,Finance
Air,Domestic Flight,2101.32,09-09-2024,Cash,Marketing
Hotel,Hotel Stay,3018.06,05-06-2024,Card,Sales
Hotel,Hotel Stay,2065.57,20-07-2024,Card,HR
Car,Parking Fee,4826.32,23-06-2024,Card,Finance
Air,Airport Lounge,4303.54,29-11-2024,Cash,HR
Air,Domestic Flight,166.31,14-06-2024,Cash,IT
Hotel,Hotel WiFi,3567.54,22-02-2024,Cash,IT
Car,Fuel,3689.21,13-08-2024,Cash,HR
Air,International Flight,1272.45,12-10-2024,Cash,Marketing
Car,Toll Charges,4062.4,12-02-2024,Card,Operations
Air,Domestic Flight,316.89,06-11-2024,Cash,Sales
Air,Seat Selection,1082.01,17-12-2024,Cash,Finance
Car,Parking Fee,3492.96,16-02-2024,Cash,HR
Car,Parking Fee,944.35,02-03-2024,Cash,Marketing
Hotel,Mini Bar,211.04,06-02-2025,Cash,Finance
Air,International Flight,4463.32,18-07-2024,Card,Finance
Hotel,Mini Bar,3411.72,26-06-2024,Card,IT
Air,Airport Lounge,4725.68,06-09-2024,Card,HR
Hotel,Laundry,2808.78,02-11-2024,Card,Operations
Air,International Flight,1916.81,17-01-2025,Card,Operations
Car,Car Rental,4107.64,27-05-2024,Card,Finance
Hotel,Room Service,1712.59,08-08-2024,Cash,HR
Air,Airport Lounge,2669.84,28-11-2024,Cash,Sales
Car,Car Rental,147.59,13-05-2024,Card,HR
Air,International Flight,2833.19,21-09-2024,Card,Operations
Hotel,Laundry,1710.6,23-06-2024,Card,Sales
Hotel,Room Service,681.98,24-06-2024,Card,Finance
Car,Toll Charges,819.07,02-05-2024,Cash,Sales
Car,Fuel,2555.81,16-02-2024,Cash,Finance
Air,Domestic Flight,1990.81,09-09-2024,Cash,Marketing
Hotel,Hotel Stay,4139.77,07-10-2024,Cash,Marketing
Hotel,Hotel WiFi,4617.1,14-01-2025,Card,Sales
Air,Baggage Fee,2583.63,04-09-2024,Card,HR
Car,Parking Fee,3262.09,17-03-2024,Card,Sales
Hotel,Room Service,3666.85,23-06-2024,Card,Sales
Car,Parking Fee,104.56,20-01-2025,Card,Finance
Hotel,Hotel WiFi,4793.5,16-11-2024,Card,HR
Car,Toll Charges,570.18,16-09-2024,Card,HR
Car,Toll Charges,490.83,14-11-2024,Cash,Finance
Hotel,Room Service,2972.24,05-05-2024,Cash,Operations
Air,Domestic Flight,3684.66,10-12-2024,Cash,Finance
Hotel,Room Service,4752.67,12-05-2024,Card,Finance
Car,Car Rental,2573.08,10-03-2024,Cash,HR
Car,Parking Fee,1730.1,14-06-2024,Cash,Operations
Car,Fuel,3997.21,01-02-2025,Card,HR
Hotel,Room Service,3146.87,13-05-2024,Card,Sales
Car,Driver Tip,3614.2,15-07-2024,Card,IT
Air,Airport Lounge,3318.27,20-04-2024,Cash,Marketing
Car,Driver Tip,654,17-05-2024,Card,IT
Hotel,Laundry,3323.3,07-11-2024,Card,HR
Car,Toll Charges,2046.58,19-06-2024,Cash,Sales
Hotel,Hotel Stay,324.34,22-08-2024,Cash,Marketing
Car,Fuel,630.78,13-04-2024,Cash,Sales
Hotel,Laundry,2640.48,13-02-2024,Card,Operations
Car,Driver Tip,538.05,12-06-2024,Cash,Sales
Air,Domestic Flight,2104.75,20-11-2024,Card,Sales
Hotel,Hotel Stay,3592.01,18-07-2024,Cash,HR
Hotel,Hotel Stay,1718.88,30-05-2024,Card,IT
Car,Parking Fee,657.4,07-01-2025,Card,Operations
Hotel,Hotel Stay,3643.17,12-01-2025,Card,Operations
Car,Parking Fee,3668.15,01-05-2024,Card,HR
Hotel,Hotel Stay,929.44,23-01-2025,Card,IT
Air,Baggage Fee,3676,21-09-2024,Cash,Sales
Car,Driver Tip,2057.74,24-09-2024,Card,Finance
Car,Car Rental,964.21,07-04-2024,Cash,IT
Hotel,Hotel Stay,2365.09,10-08-2024,Card,Sales
Car,Fuel,1139.73,16-07-2024,Card,Sales
Hotel,Hotel Stay,1846.73,03-06-2024,Card,Finance
Hotel,Room Service,3135.06,23-07-2024,Card,Finance
Car,Toll Charges,2510.86,13-01-2025,Card,IT
Air,Airport Lounge,1774.4,26-01-2025,Card,IT
Car,Car Rental,1973.46,01-03-2024,Card,Finance
Car,Parking Fee,4981.25,28-11-2024,Card,HR
Hotel,Mini Bar,1857.52,04-04-2024,Card,Sales
Car,Fuel,1048.22,26-11-2024,Card,Finance
Hotel,Room Service,1206.36,30-07-2024,Cash,Sales
Air,International Flight,2011.22,24-07-2024,Cash,IT
Hotel,Room Service,4166.17,13-06-2024,Cash,Operations
Hotel,Room Service,2018.13,17-12-2024,Card,Sales
Air,Domestic Flight,2190.07,22-10-2024,Cash,HR
Air,Seat Selection,3146.8,30-01-2025,Cash,HR
Hotel,Room Service,2806.84,01-12-2024,Cash,Finance
Air,Airport Lounge,1604.53,24-11-2024,Card,Operations
Hotel,Laundry,4228.94,02-04-2024,Card,IT
Car,Fuel,998.89,03-11-2024,Cash,HR
Hotel,Hotel Stay,4808.15,25-01-2025,Card,Operations
Hotel,Hotel WiFi,3885.46,14-11-2024,Cash,Marketing
Car,Fuel,3907.66,19-10-2024,Card,Operations
Car,Fuel,3081.09,27-07-2024,Card,HR
Air,Domestic Flight,2911.63,24-04-2024,Cash,Sales
Hotel,Hotel WiFi,945.64,30-05-2024,Card,Finance
Car,Fuel,2017.53,01-12-2024,Cash,Marketing
Car,Fuel,3337.11,02-12-2024,Card,Operations
Car,Car Rental,4237.94,20-07-2024,Card,Finance
Car,Fuel,2099.53,02-11-2024,Card,Operations
Air,International Flight,3253.26,22-11-2024,Card,Sales
Hotel,Laundry,4833.48,18-03-2024,Cash,Marketing
Air,International Flight,2280.73,16-08-2024,Cash,Marketing
Air,International Flight,1961.84,08-08-2024,Card,Marketing
Hotel,Mini Bar,3437.24,30-11-2024,Card,IT
Hotel,Room Service,2267.58,17-08-2024,Cash,Marketing
Air,Airport Lounge,1824.7,20-11-2024,Cash,Operations
Air,Airport Lounge,2499.52,02-11-2024,Cash,Operations
Car,Fuel,4387.04,02-02-2025,Cash,HR
Car,Toll Charges,636.98,17-11-2024,Cash,Sales
Hotel,Hotel Stay,796.48,23-12-2024,Card,Sales
Hotel,Mini Bar,1922.67,17-02-2024,Cash,HR
Air,Seat Selection,1613.8,04-12-2024,Card,IT
Hotel,Hotel Stay,4501.5,22-10-2024,Card,Operations
Hotel,Hotel Stay,1183.65,04-04-2024,Card,Operations
Hotel,Laundry,3310.8,21-11-2024,Cash,Sales
Air,Seat Selection,2999.04,02-08-2024,Card,Finance
Air,Seat Selection,4563.87,26-04-2024,Cash,HR
Car,Toll Charges,4099.57,16-02-2024,Card,Sales
Air,Baggage Fee,2416.84,05-04-2024,Card,IT
Car,Car Rental,2846.63,21-02-2024,Card,Operations
Hotel,Mini Bar,4134.11,16-10-2024,Cash,HR
Car,Parking Fee,4275.17,15-09-2024,Card,IT
Hotel,Mini Bar,3728.3,20-01-2025,Card,Sales
Hotel,Hotel WiFi,2906.54,15-06-2024,Card,HR
Car,Car Rental,3817.94,22-10-2024,Card,IT
Air,Airport Lounge,4865.21,13-01-2025,Cash,IT
Hotel,Hotel Stay,3765.53,19-06-2024,Cash,Finance
Air,International Flight,3259.59,30-06-2024,Cash,Finance
Air,Baggage Fee,2830.54,06-10-2024,Card,HR
Hotel,Hotel WiFi,3661.17,29-03-2024,Card,IT
Car,Toll Charges,3263.18,01-01-2025,Cash,Sales
Hotel,Mini Bar,3251.58,02-07-2024,Card,HR
Car,Toll Charges,4013.89,20-08-2024,Cash,Sales
Car,Car Rental,3498.09,11-12-2024,Cash,Finance
Air,Domestic Flight,618.23,22-09-2024,Cash,Operations
Air,Domestic Flight,4898.16,24-02-2024,Card,IT
Car,Driver Tip,4991.18,13-10-2024,Cash,HR
Car,Driver Tip,4810.15,03-01-2025,Card,Sales
Car,Car Rental,3025.11,25-04-2024,Cash,IT
Hotel,Mini Bar,4668.06,24-04-2024,Card,Operations
Car,Toll Charges,1653.73,11-12-2024,Card,HR
Air,International Flight,2807.9,29-03-2024,Cash,Operations
Air,Seat Selection,645.06,12-09-2024,Card,Sales
Car,Fuel,3146.28,20-05-2024,Cash,Operations
Hotel,Hotel WiFi,4956.68,03-05-2024,Cash,HR
Car,Fuel,3618.66,02-09-2024,Cash,HR
Air,Baggage Fee,4666.12,16-04-2024,Card,Sales
Air,Airport Lounge,3089.7,20-06-2024,Cash,IT
Car,Toll Charges,990.62,04-09-2024,Cash,HR
Car,Parking Fee,1040.97,27-12-2024,Cash,Finance
Hotel,Laundry,443.47,26-02-2024,Cash,IT
Air,Baggage Fee,2808.65,21-01-2025,Cash,Finance
Air,International Flight,612.33,01-03-2024,Cash,Sales
Car,Toll Charges,1302.16,26-08-2024,Card,HR
Car,Car Rental,2039.02,12-04-2024,Cash,Marketing
Hotel,Laundry,1037.68,30-01-2025,Card,IT
Air,Baggage Fee,4040.3,13-09-2024,Cash,Operations
Hotel,Room Service,562.78,12-11-2024,Card,IT
Car,Toll Charges,123.86,15-09-2024,Card,HR
Hotel,Laundry,959.79,19-12-2024,Cash,Finance
Air,Seat Selection,3678.85,01-06-2024,Cash,HR
Air,Domestic Flight,2383.17,16-06-2024,Card,Sales
Hotel,Hotel Stay,622.77,24-10-2024,Cash,Finance
Hotel,Room Service,469.79,13-10-2024,Card,IT
Car,Parking Fee,4605.53,02-02-2025,Cash,IT
Car,Fuel,3502.4,28-05-2024,Card,Marketing
Air,Domestic Flight,1962.8,23-08-2024,Cash,Operations
Hotel,Hotel WiFi,427.65,07-01-2025,Cash,Sales
Car,Car Rental,1304.21,20-08-2024,Cash,Operations
Air,Airport Lounge,423.06,19-06-2024,Cash,Operations
Car,Driver Tip,2564.64,12-02-2024,Cash,HR
Car,Parking Fee,1781.85,17-07-2024,Card,Operations
Air,Seat Selection,796.3,23-08-2024,Cash,HR
Air,Domestic Flight,3911.63,23-11-2024,Card,HR
Hotel,Hotel Stay,970.7,25-06-2024,Cash,HR
Car,Fuel,4382.09,03-11-2024,Card,Marketing
Air,Domestic Flight,869.92,03-04-2024,Card,Finance
Air,International Flight,767.94,25-06-2024,Cash,IT
Hotel,Mini Bar,1471.28,23-04-2024,Cash,IT
Car,Fuel,1921.4,30-12-2024,Cash,Finance
Hotel,Hotel WiFi,266.63,31-08-2024,Card,Sales
Air,Seat Selection,2572.53,08-07-2024,Card,HR
Car,Fuel,1147.25,23-04-2024,Cash,Marketing
Hotel,Room Service,1244.16,21-04-2024,Cash,HR
Hotel,Hotel Stay,4661.48,02-09-2024,Card,Operations
Air,International Flight,1576.9,23-08-2024,Card,HR
Air,Domestic Flight,4200.19,24-10-2024,Cash,Marketing
Air,Domestic Flight,4439.9,30-11-2024,Cash,Operations
Car,Fuel,2397.61,07-05-2024,Card,Operations
Car,Toll Charges,2371.39,01-03-2024,Card,HR
Air,Domestic Flight,226.56,07-09-2024,Card,Marketing
Hotel,Laundry,1298.78,08-10-2024,Card,Finance
Air,Airport Lounge,507.36,13-10-2024,Card,HR
Air,International Flight,290.52,11-11-2024,Cash,Finance
Car,Driver Tip,3095.95,18-02-2024,Card,HR
Car,Parking Fee,1547.41,03-11-2024,Card,Finance
Hotel,Hotel Stay,1206.64,04-03-2024,Cash,Operations
Hotel,Room Service,3027.64,30-09-2024,Cash,Operations
Air,Domestic Flight,2932,04-12-2024,Cash,Marketing
Car,Toll Charges,4871.38,22-09-2024,Card,Sales
Air,Baggage Fee,3372.22,05-09-2024,Card,HR
Car,Fuel,4822.71,16-01-2025,Cash,Marketing
Hotel,Room Service,2704.21,27-06-2024,Card,Marketing
Car,Fuel,4347.76,26-04-2024,Card,Finance
Air,Baggage Fee,1613.97,02-10-2024,Cash,Operations
Air,Baggage Fee,3788.09,07-09-2024,Card,Operations
Hotel,Hotel Stay,3534.75,07-06-2024,Cash,Sales
Hotel,Room Service,449.02,11-07-2024,Cash,Sales
Air,Seat Selection,3417.12,29-04-2024,Card,Marketing
Car,Car Rental,2922.26,04-02-2025,Card,IT
Air,Seat Selection,3889.51,03-05-2024,Card,Sales
Car,Fuel,2683.14,10-02-2025,Cash,Marketing
Car,Toll Charges,1944.05,10-10-2024,Cash,IT
Air,International Flight,4746.68,16-09-2024,Card,Sales
Car,Parking Fee,3962.5,09-05-2024,Cash,Sales
Hotel,Room Service,3180.29,03-05-2024,Cash,IT
Car,Fuel,224.33,16-09-2024,Card,HR
Hotel,Mini Bar,1346.09,07-02-2025,Card,Marketing
Hotel,Room Service,1733.32,03-11-2024,Card,IT
Air,International Flight,400.24,19-08-2024,Card,Sales
Hotel,Room Service,1982.05,31-08-2024,Cash,Marketing
Air,Airport Lounge,321.16,03-04-2024,Cash,Sales
Car,Toll Charges,997.22,11-10-2024,Cash,Operations
Air,Domestic Flight,2151.4,02-12-2024,Card,Marketing
Car,Toll Charges,4033.1,12-09-2024,Card,HR
Car,Parking Fee,4209.15,17-12-2024,Cash,IT
Air,Baggage Fee,3187.87,23-11-2024,Cash,Operations
Car,Driver Tip,1233.29,25-03-2024,Cash,Operations
Hotel,Laundry,1786.98,05-11-2024,Card,Marketing
Car,Car Rental,769.1,26-06-2024,Card,HR
Hotel,Room Service,4433.29,01-05-2024,Card,IT
Air,Airport Lounge,4319.1,07-12-2024,Cash,Sales
Car,Parking Fee,4802.71,03-10-2024,Card,Operations
Hotel,Hotel Stay,136.05,27-11-2024,Cash,Sales
Air,Seat Selection,2620.94,15-09-2024,Card,HR
Car,Fuel,1383.97,04-10-2024,Card,Finance
Hotel,Hotel Stay,1768.83,03-03-2024,Cash,Marketing
Hotel,Room Service,3671.86,25-03-2024,Cash,IT
Hotel,Room Service,4230.84,26-12-2024,Cash,HR
Car,Car Rental,1194.85,31-08-2024,Cash,IT
Hotel,Laundry,4325.58,05-07-2024,Cash,IT
Car,Toll Charges,4663.36,20-09-2024,Cash,Sales
Hotel,Room Service,4365.25,31-07-2024,Cash,IT
Car,Driver Tip,1651.12,30-06-2024,Cash,IT
Car,Fuel,2347.44,21-02-2024,Cash,IT
Hotel,Hotel WiFi,2815.67,09-09-2024,Card,Finance
Hotel,Mini Bar,4657.7,15-04-2024,Card,Marketing
Hotel,Laundry,599.25,23-07-2024,Card,Sales
Car,Parking Fee,4765.19,12-11-2024,Cash,Marketing
Car,Fuel,3354.88,27-12-2024,Card,Marketing
Hotel,Mini Bar,4191.49,30-07-2024,Cash,Sales
Hotel,Mini Bar,4645.02,07-10-2024,Cash,IT
Hotel,Hotel Stay,2595.55,16-04-2024,Cash,Sales
Car,Driver Tip,284.1,07-02-2025,Card,IT
Car,Driver Tip,2802.83,13-02-2024,Card,IT
Air,International Flight,2438.1,29-06-2024,Card,Operations
Hotel,Mini Bar,3728.01,02-03-2024,Card,IT
Air,Baggage Fee,2048.03,08-11-2024,Card,Operations
Air,Airport Lounge,4450.3,08-11-2024,Card,HR
Air,Seat Selection,1516.86,04-11-2024,Cash,IT
Car,Parking Fee,2472.28,04-12-2024,Cash,Operations
Car,Parking Fee,1253.29,31-12-2024,Cash,Operations
Hotel,Laundry,923.59,30-12-2024,Cash,Marketing
Air,Airport Lounge,1716.62,27-07-2024,Card,HR
Air,Domestic Flight,1306.31,18-02-2024,Cash,Operations
Hotel,Hotel WiFi,118.44,31-12-2024,Cash,Marketing
Air,Seat Selection,85.3,02-10-2024,Card,Marketing
Air,Baggage Fee,4485.49,22-01-2025,Cash,Operations
Hotel,Hotel Stay,3172.52,19-01-2025,Card,HR
Hotel,Room Service,4755.33,16-12-2024,Cash,IT
Air,Domestic Flight,3087.25,25-07-2024,Card,Marketing
Air,Airport Lounge,669.22,26-07-2024,Cash,HR
Car,Fuel,306.17,07-05-2024,Cash,Operations
Air,Seat Selection,4559.85,01-03-2024,Card,HR
Car,Car Rental,3460.35,14-11-2024,Card,Finance
Hotel,Room Service,4039.2,23-11-2024,Cash,IT
Air,Seat Selection,2351.34,27-11-2024,Cash,Marketing
Hotel,Room Service,1501.56,14-05-2024,Card,Marketing
Hotel,Room Service,3153.26,25-08-2024,Card,Finance
Car,Toll Charges,3318.47,02-03-2024,Cash,Marketing
Air,Airport Lounge,3856.25,06-04-2024,Cash,IT
Car,Parking Fee,730.11,14-04-2024,Card,IT
Hotel,Hotel WiFi,4274.87,19-10-2024,Cash,Sales
Air,Domestic Flight,152.49,08-09-2024,Card,Sales
Air,Baggage Fee,3151.23,29-03-2024,Card,IT
Car,Parking Fee,2595.88,08-04-2024,Cash,IT
Car,Driver Tip,662.16,26-06-2024,Cash,HR
Car,Driver Tip,3153.31,08-10-2024,Card,Sales
Hotel,Mini Bar,4639.89,23-11-2024,Card,IT
Car,Car Rental,4134.06,25-03-2024,Cash,HR
Car,Fuel,4577.75,25-07-2024,Cash,HR
Hotel,Laundry,644.17,22-10-2024,Card,HR
Car,Driver Tip,359.1,08-07-2024,Card,Marketing
Car,Driver Tip,87.01,25-11-2024,Cash,HR
Car,Driver Tip,107.77,01-12-2024,Cash,HR
Car,Parking Fee,2830.71,13-07-2024,Cash,IT
Air,Airport Lounge,3766.49,29-05-2024,Card,IT
Hotel,Mini Bar,2007.89,09-08-2024,Card,Sales
Car,Toll Charges,2287.09,31-12-2024,Cash,Operations
Air,Baggage Fee,2306.42,02-09-2024,Cash,IT
Hotel,Laundry,3294.86,08-03-2024,Cash,Finance
Air,Seat Selection,2885.17,05-01-2025,Card,IT
Air,Airport Lounge,599.06,23-08-2024,Cash,IT
Air,Airport Lounge,1803.62,05-03-2024,Cash,Operations
Car,Parking Fee,3156.88,26-04-2024,Cash,Operations
Hotel,Room Service,1257.75,29-03-2024,Card,HR
Air,Domestic Flight,191.72,31-05-2024,Cash,Marketing
Air,Domestic Flight,2380.12,22-03-2024,Card,Sales
Air,Domestic Flight,3271.06,25-08-2024,Card,Marketing
Hotel,Hotel Stay,4204.17,21-11-2024,Cash,HR
Air,Seat Selection,4855.6,22-12-2024,Cash,Operations
Air,Domestic Flight,162.98,07-07-2024,Cash,Operations
Car,Car Rental,2495.8,19-02-2024,Cash,Marketing
Car,Fuel,1250.85,05-08-2024,Cash,Sales
Hotel,Mini Bar,991.1,15-05-2024,Cash,Sales
Car,Car Rental,3967.54,25-03-2024,Card,Sales
Hotel,Mini Bar,1524.26,21-11-2024,Cash,Operations
Hotel,Hotel WiFi,1294.08,29-06-2024,Card,Marketing
Car,Parking Fee,2450.83,24-07-2024,Cash,Sales
Hotel,Hotel WiFi,1090.98,25-05-2024,Card,IT
Car,Parking Fee,2111.5,21-06-2024,Cash,Marketing
Car,Driver Tip,1853.59,05-09-2024,Card,Marketing
Air,Domestic Flight,167.88,03-01-2025,Cash,Marketing
Hotel,Hotel WiFi,67.81,12-01-2025,Cash,Sales
Car,Driver Tip,4490.19,09-10-2024,Cash,Marketing
Air,Seat Selection,4096.92,08-09-2024,Cash,Operations
Hotel,Mini Bar,4562.42,28-06-2024,Cash,Finance
Car,Fuel,4163.06,30-04-2024,Card,IT
Car,Driver Tip,66.36,20-12-2024,Cash,Marketing
Air,Domestic Flight,2995.95,26-03-2024,Card,Marketing
Air,International Flight,3404.06,22-05-2024,Cash,Finance
Air,Domestic Flight,365.49,06-09-2024,Card,Sales
Air,Airport Lounge,1684.62,30-07-2024,Card,Operations
Air,Airport Lounge,4393.69,02-03-2024,Card,Finance
Car,Driver Tip,4914.13,22-07-2024,Card,IT
Car,Driver Tip,3896.27,31-01-2025,Card,HR
Air,Airport Lounge,2976.06,22-07-2024,Card,IT
Air,Baggage Fee,1694.87,20-01-2025,Card,Operations
Hotel,Room Service,4303.28,08-01-2025,Card,Sales
Hotel,Room Service,2871.82,26-10-2024,Cash,HR
Air,Seat Selection,4744.84,13-06-2024,Cash,HR
Car,Toll Charges,1090.19,28-06-2024,Card,Operations
Car,Car Rental,3575.88,27-07-2024,Card,Marketing
Air,Seat Selection,4867.76,06-09-2024,Cash,Finance
Air,Seat Selection,323.38,03-08-2024,Cash,Marketing
Hotel,Mini Bar,2201.27,22-09-2024,Card,Finance
Hotel,Room Service,748.79,18-05-2024,Cash,Operations
Car,Car Rental,126.12,09-06-2024,Card,Marketing
Air,Baggage Fee,3228.95,28-10-2024,Cash,HR
Hotel,Mini Bar,1640.33,06-11-2024,Cash,IT
Car,Driver Tip,180.95,05-03-2024,Cash,IT
Air,Seat Selection,1867.59,26-04-2024,Card,Finance
Hotel,Laundry,1460.64,04-08-2024,Cash,Marketing
Air,Domestic Flight,3717.3,21-03-2024,Cash,Finance
Hotel,Mini Bar,1201.09,04-12-2024,Card,Marketing
Hotel,Laundry,4036.81,06-01-2025,Card,Operations
Air,Seat Selection,959.82,16-07-2024,Cash,Marketing
Hotel,Hotel Stay,1007.42,17-09-2024,Card,Sales
Air,Seat Selection,896.6,11-09-2024,Card,Sales
Car,Fuel,2525.16,07-05-2024,Card,Sales
Hotel,Laundry,1343.22,31-10-2024,Card,HR
Hotel,Room Service,3446.35,15-08-2024,Card,Operations
Car,Toll Charges,922.59,03-02-2025,Card,Marketing
Car,Fuel,4865.2,09-08-2024,Cash,Marketing
Car,Fuel,3186.47,27-02-2024,Cash,IT
Hotel,Room Service,891.85,17-07-2024,Cash,Marketing
Air,Domestic Flight,1878.93,07-05-2024,Cash,HR
Car,Car Rental,606.38,22-11-2024,Card,HR
Hotel,Hotel WiFi,570.32,16-07-2024,Card,HR
Car,Parking Fee,1997.78,16-02-2024,Card,Operations
Car,Fuel,1265.07,23-07-2024,Cash,Operations
Hotel,Laundry,3773.07,27-01-2025,Card,Marketing
Car,Fuel,1717.54,04-01-2025,Cash,Marketing
Air,Baggage Fee,3569.26,12-01-2025,Card,Finance
Air,Baggage Fee,4402.55,15-03-2024,Card,HR
Air,Baggage Fee,1188.23,08-05-2024,Card,IT
Car,Parking Fee,4858.41,07-10-2024,Card,HR
Hotel,Hotel Stay,82.42,18-06-2024,Card,Operations
Car,Driver Tip,3390.88,23-10-2024,Card,Marketing
Hotel,Hotel Stay,4310.33,15-11-2024,Card,Sales
Air,Domestic Flight,3308.67,11-06-2024,Cash,IT
Car,Fuel,3376.87,07-07-2024,Card,Sales
Car,Car Rental,1209.77,17-03-2024,Card,Finance
Car,Car Rental,3904,08-11-2024,Card,Operations
Car,Toll Charges,3166.16,28-09-2024,Card,IT
Air,International Flight,2685.15,23-01-2025,Card,IT
Hotel,Hotel Stay,3954.63,02-10-2024,Cash,Finance
Air,Domestic Flight,3811.92,22-03-2024,Cash,Marketing
Air,Baggage Fee,2902.42,16-11-2024,Card,IT
Car,Toll Charges,2857.66,18-12-2024,Cash,Operations
Air,Domestic Flight,1064.58,14-12-2024,Cash,Sales
Hotel,Hotel WiFi,3736.87,20-04-2024,Cash,Marketing
Air,Seat Selection,2446.44,20-03-2024,Cash,Marketing
Hotel,Room Service,2716.22,07-10-2024,Card,Sales
Air,Seat Selection,4449.71,09-02-2025,Card,IT
Air,Baggage Fee,3349.43,19-12-2024,Card,HR
Car,Fuel,1027.36,14-06-2024,Cash,Operations
Air,Seat Selection,3238.24,17-06-2024,Cash,Operations
Air,International Flight,4195.4,26-08-2024,Cash,Sales
Air,International Flight,295.29,09-04-2024,Cash,Marketing
Car,Driver Tip,4449.94,22-08-2024,Card,IT
Hotel,Laundry,3613.22,03-01-2025,Cash,Operations
Car,Fuel,189.72,16-05-2024,Cash,Finance
Hotel,Mini Bar,669.54,30-07-2024,Card,IT
Air,International Flight,1722.29,05-10-2024,Card,IT
Hotel,Room Service,3379.23,20-03-2024,Card,IT
Air,Airport Lounge,2881.62,22-01-2025,Cash,Sales
Air,Seat Selection,1694.99,07-03-2024,Card,Sales
Air,Seat Selection,3686.76,18-08-2024,Cash,Operations
Hotel,Hotel WiFi,3284.52,27-05-2024,Cash,Marketing
Car,Toll Charges,1928.52,25-03-2024,Cash,Operations
Air,Baggage Fee,4506.4,07-05-2024,Cash,Finance
Hotel,Hotel Stay,3791.98,29-09-2024,Card,Operations
Hotel,Hotel Stay,4931.95,25-03-2024,Cash,Marketing
Car,Parking Fee,4124.72,14-10-2024,Card,HR
Hotel,Room Service,2530.23,01-05-2024,Card,HR
Air,Domestic Flight,3996.42,21-07-2024,Cash,IT
Car,Driver Tip,1877.5,04-06-2024,Card,IT
Car,Parking Fee,4834.01,03-10-2024,Cash,HR
Hotel,Hotel Stay,1395.82,15-02-2024,Card,Operations
Hotel,Room Service,1573.85,24-10-2024,Cash,Operations
Hotel,Mini Bar,1222.51,14-03-2024,Cash,Sales
Car,Car Rental,1129.24,16-12-2024,Card,IT
Car,Toll Charges,2787.72,08-02-2025,Card,HR
Car,Toll Charges,2369.82,22-05-2024,Card,HR
Hotel,Laundry,1961.44,27-07-2024,Card,Marketing
Air,Seat Selection,3596.21,22-07-2024,Card,IT
Car,Parking Fee,2036.73,12-03-2024,Card,Sales
Air,Seat Selection,401.1,25-04-2024,Cash,Marketing
Hotel,Laundry,2047.71,30-11-2024,Card,IT
Hotel,Hotel Stay,1930.08,18-04-2024,Card,HR
Car,Toll Charges,3608.75,11-10-2024,Cash,IT
Car,Fuel,506.52,30-05-2024,Cash,Marketing
Car,Parking Fee,2420.82,13-10-2024,Card,Operations
Car,Driver Tip,4218.77,24-10-2024,Cash,IT
Car,Fuel,2934.86,20-08-2024,Cash,Operations
Hotel,Laundry,4635.2,17-05-2024,Card,IT
Car,Toll Charges,929.95,24-02-2024,Cash,HR
Hotel,Hotel WiFi,252.31,11-04-2024,Card,Finance
Car,Fuel,3758.89,16-08-2024,Card,IT
Hotel,Mini Bar,518.77,13-11-2024,Card,Sales
Air,Seat Selection,2739.5,08-10-2024,Card,HR
Hotel,Hotel Stay,487.51,06-07-2024,Card,Operations
Car,Parking Fee,63.82,15-09-2024,Card,IT
Hotel,Room Service,553.67,31-01-2025,Cash,Operations
Air,International Flight,2954.18,21-09-2024,Card,Marketing
Hotel,Mini Bar,2899.63,11-09-2024,Card,Operations
Air,Domestic Flight,2890.69,02-12-2024,Cash,Finance
Air,Seat Selection,381.43,30-09-2024,Card,Sales
Car,Fuel,444.22,18-03-2024,Cash,HR
Car,Fuel,1636.33,09-01-2025,Cash,Marketing
Hotel,Laundry,1561.06,27-04-2024,Cash,HR
Hotel,Laundry,1764.17,15-09-2024,Cash,Finance
Air,Seat Selection,606.19,15-02-2024,Card,Operations
Air,Seat Selection,1506.8,15-05-2024,Cash,Marketing
Car,Car Rental,2651.96,03-11-2024,Cash,Marketing
Air,Seat Selection,3336.89,07-06-2024,Card,Sales
Air,Airport Lounge,2519.31,23-08-2024,Card,IT
Air,Baggage Fee,480.86,19-08-2024,Cash,Marketing
Air,International Flight,3630.18,27-03-2024,Card,IT
Car,Fuel,4379.66,08-03-2024,Cash,Finance
Air,Airport Lounge,4159.44,14-09-2024,Cash,IT
Hotel,Mini Bar,1088.57,13-07-2024,Cash,IT
Air,Domestic Flight,1195.88,06-08-2024,Cash,Finance
Air,Baggage Fee,1136.99,28-01-2025,Cash,IT
Car,Parking Fee,3612.49,26-01-2025,Cash,Finance
Car,Toll Charges,3503.05,01-08-2024,Card,IT
Air,Seat Selection,4973.65,13-04-2024,Card,Operations
Air,Baggage Fee,2490.84,30-10-2024,Card,Marketing
Car,Fuel,2647.92,15-09-2024,Cash,Marketing
Air,Domestic Flight,197.93,19-09-2024,Cash,IT
Hotel,Hotel Stay,3147.76,23-03-2024,Cash,IT
Hotel,Laundry,4091.03,21-02-2024,Card,Operations
Car,Parking Fee,4098.41,11-06-2024,Cash,Sales
Hotel,Hotel WiFi,1192.01,07-04-2024,Cash,Operations
Air,Baggage Fee,4876.55,27-03-2024,Card,HR
Air,Airport Lounge,1078.59,04-05-2024,Cash,HR
Hotel,Laundry,229.37,26-08-2024,Cash,Operations
Car,Toll Charges,2958.59,23-04-2024,Card,HR
Air,Airport Lounge,4932.49,20-07-2024,Cash,HR
Hotel,Hotel Stay,4609.23,09-08-2024,Card,Operations
Hotel,Hotel Stay,1330.02,19-07-2024,Card,HR
Air,Airport Lounge,4795.06,14-10-2024,Cash,Sales
Hotel,Hotel Stay,4702.59,07-05-2024,Cash,HR
Air,Baggage Fee,1085.09,26-10-2024,Cash,HR
Car,Fuel,1996.54,07-01-2025,Cash,Sales
Air,Domestic Flight,3138.13,11-03-2024,Card,Finance
Air,International Flight,249.38,26-08-2024,Card,Operations
Car,Car Rental,2363.27,07-07-2024,Cash,Finance
Hotel,Hotel WiFi,4824.17,20-06-2024,Card,HR
Hotel,Mini Bar,663.85,10-04-2024,Card,Finance
Car,Parking Fee,1054.44,10-12-2024,Cash,Operations
Hotel,Room Service,2991.65,13-07-2024,Cash,Marketing
Air,Baggage Fee,3945.69,24-01-2025,Cash,Marketing
Car,Driver Tip,3086.92,06-01-2025,Card,Operations
Air,Seat Selection,2163.78,19-09-2024,Card,Marketing
Hotel,Mini Bar,1325.28,02-07-2024,Cash,Finance
Car,Fuel,3930.64,02-11-2024,Card,IT
Car,Parking Fee,3847.71,10-12-2024,Card,Sales
Car,Toll Charges,2128.01,26-11-2024,Card,IT
Hotel,Laundry,1603.69,28-07-2024,Cash,IT
Hotel,Hotel WiFi,1650.93,14-04-2024,Cash,Marketing
Car,Toll Charges,4070.15,26-12-2024,Card,Finance
Hotel,Laundry,2359.61,07-02-2025,Card,Marketing
Hotel,Laundry,156.09,21-04-2024,Cash,Finance
Hotel,Room Service,2751.7,09-05-2024,Cash,Marketing
Hotel,Hotel Stay,1060.87,11-03-2024,Cash,HR
Hotel,Hotel WiFi,2160.77,26-05-2024,Card,HR
Hotel,Hotel WiFi,1194.76,31-10-2024,Card,HR
Hotel,Hotel Stay,3334.42,24-04-2024,Card,HR
Air,Airport Lounge,4284.33,24-03-2024,Cash,HR
Air,International Flight,3983.44,21-06-2024,Cash,Sales
Car,Car Rental,1257.06,18-03-2024,Card,IT
Air,Domestic Flight,3159.52,16-09-2024,Card,Sales
Car,Fuel,393.65,26-02-2024,Cash,Operations
Air,Baggage Fee,4521.19,15-11-2024,Card,Finance
Hotel,Hotel WiFi,381.52,20-08-2024,Card,IT
Air,International Flight,2126.95,17-09-2024,Card,Sales
Car,Fuel,313.95,21-06-2024,Cash,Marketing
Air,Airport Lounge,3302.72,04-10-2024,Card,HR
Air,International Flight,2609.81,23-06-2024,Card,IT
Hotel,Hotel Stay,4598.75,13-08-2024,Cash,Finance
Air,Domestic Flight,2595.34,30-05-2024,Card,IT
Hotel,Laundry,1425.07,29-09-2024,Card,Operations
Car,Driver Tip,1645.6,20-09-2024,Card,Sales
Hotel,Room Service,3985.43,02-10-2024,Card,HR
Hotel,Laundry,4960.25,31-08-2024,Cash,IT
Air,Domestic Flight,724.49,01-10-2024,Cash,HR
Car,Car Rental,505.53,03-08-2024,Card,IT
Car,Driver Tip,3320.42,22-02-2024,Card,Finance
Hotel,Room Service,3836.01,10-02-2025,Card,Finance
Hotel,Room Service,3381.7,10-07-2024,Card,Finance
Car,Parking Fee,945.27,27-01-2025,Card,Marketing
Car,Car Rental,1216.65,30-07-2024,Card,Marketing
Air,Seat Selection,356.87,20-10-2024,Card,Marketing
Air,Baggage Fee,4794.49,01-08-2024,Card,IT
Air,Seat Selection,3184.68,17-10-2024,Card,Marketing
Car,Fuel,4456.91,26-06-2024,Card,Finance
Car,Car Rental,910.58,19-09-2024,Cash,Finance
Air,Airport Lounge,4041.26,22-06-2024,Card,Operations
Car,Fuel,3030.4,11-10-2024,Card,IT
Air,International Flight,2223.97,05-03-2024,Card,Marketing
Hotel,Laundry,2879.54,22-07-2024,Cash,Sales
Air,Baggage Fee,3412.68,09-01-2025,Card,Operations
Air,International Flight,2283.61,09-11-2024,Cash,Operations
Car,Driver Tip,4104.7,30-03-2024,Card,HR
Hotel,Mini Bar,4528.23,09-01-2025,Cash,Marketing
Air,Airport Lounge,1023.87,01-01-2025,Card,Marketing
Air,Baggage Fee,4521.48,22-07-2024,Cash,HR
Car,Car Rental,4839.45,12-07-2024,Card,HR
Hotel,Mini Bar,609.91,27-04-2024,Card,Operations
Car,Car Rental,2184.75,02-02-2025,Cash,HR
Car,Toll Charges,2307.23,09-06-2024,Card,Finance
Air,International Flight,2340.21,03-01-2025,Card,Sales
Hotel,Mini Bar,421.37,06-11-2024,Card,HR
Car,Parking Fee,1873.42,25-09-2024,Card,HR
Car,Car Rental,87.03,29-11-2024,Cash,HR
Car,Toll Charges,2572.33,10-03-2024,Cash,IT
Air,Domestic Flight,2367.9,26-09-2024,Cash,IT
Hotel,Hotel WiFi,4217.85,09-06-2024,Cash,Finance
Car,Car Rental,4212.72,07-08-2024,Cash,Operations
Air,Seat Selection,1824.6,27-10-2024,Cash,Sales
Air,International Flight,3078.89,18-07-2024,Cash,IT
Air,Seat Selection,2779.02,16-12-2024,Cash,Operations
Hotel,Laundry,4295.14,11-02-2024,Cash,IT
Air,Baggage Fee,1213.91,12-05-2024,Card,HR
Air,Seat Selection,748.53,26-01-2025,Card,Sales
Air,Airport Lounge,2991.6,19-07-2024,Cash,Operations
Car,Fuel,2470.58,07-11-2024,Cash,Sales
Hotel,Mini Bar,331.56,18-08-2024,Card,HR
Air,International Flight,2570.06,29-06-2024,Cash,Sales
Car,Parking Fee,1622.06,13-02-2024,Cash,Sales
Car,Toll Charges,2696.2,09-05-2024,Cash,Operations
Car,Fuel,491.38,19-10-2024,Card,HR
Car,Toll Charges,3985.8,17-10-2024,Card,Sales
Air,International Flight,1827.29,06-03-2024,Card,Marketing
Air,Seat Selection,2665.33,10-05-2024,Cash,Sales
Car,Driver Tip,2410.76,03-01-2025,Card,HR
Air,Seat Selection,3548.13,28-11-2024,Cash,HR
Air,Domestic Flight,781.37,21-01-2025,Cash,IT
Hotel,Hotel Stay,4348.11,25-06-2024,Cash,Marketing
Hotel,Laundry,3619.38,17-10-2024,Card,Marketing
Car,Parking Fee,140.69,15-05-2024,Card,Operations
Hotel,Mini Bar,1412.79,04-01-2025,Cash,Operations
Car,Car Rental,838.97,22-01-2025,Cash,Finance
Air,Baggage Fee,444.75,18-11-2024,Cash,Finance
Hotel,Hotel WiFi,1508.06,31-10-2024,Cash,IT
Air,Baggage Fee,2623.6,05-08-2024,Cash,Finance
Hotel,Mini Bar,638.22,19-09-2024,Cash,Marketing
Car,Car Rental,3153.89,02-04-2024,Card,Marketing
Car,Car Rental,3678.46,13-07-2024,Card,Operations
Hotel,Hotel Stay,1399.03,28-12-2024,Cash,IT
Car,Toll Charges,4246.96,28-05-2024,Card,Finance
Air,Domestic Flight,3549.55,14-09-2024,Cash,Sales
Car,Fuel,547.17,03-09-2024,Card,HR
Hotel,Room Service,120.94,11-01-2025,Card,IT
Car,Car Rental,3005.45,11-07-2024,Cash,Marketing
Car,Toll Charges,1443.86,22-08-2024,Card,Operations
Hotel,Hotel Stay,4656.46,11-03-2024,Card,HR
Air,Airport Lounge,179.59,03-10-2024,Card,Finance
Car,Parking Fee,713.72,25-06-2024,Cash,Sales
Car,Toll Charges,4126.2,24-10-2024,Cash,Operations
Car,Driver Tip,243.25,03-03-2024,Card,Finance
Hotel,Laundry,2413.4,13-12-2024,Card,Sales
Air,Baggage Fee,2744.56,23-04-2024,Card,Finance
Hotel,Hotel WiFi,1061.02,23-12-2024,Cash,Sales
Air,Airport Lounge,2212.13,14-09-2024,Card,Marketing
Car,Fuel,3936.84,09-11-2024,Card,Marketing
Air,Seat Selection,2828.54,16-11-2024,Cash,Sales
Car,Driver Tip,2883.79,09-08-2024,Cash,Finance
Car,Car Rental,2190.55,24-01-2025,Cash,Marketing
Hotel,Room Service,1287.28,03-08-2024,Card,Marketing
Car,Toll Charges,4504.23,06-09-2024,Cash,Sales
Air,Baggage Fee,3984.64,15-11-2024,Cash,Operations
Car,Parking Fee,518.07,09-11-2024,Card,Finance
Hotel,Hotel Stay,410.37,18-10-2024,Card,Sales
Car,Driver Tip,1501.66,03-08-2024,Card,HR
Car,Driver Tip,2362.49,23-02-2024,Cash,Marketing
Hotel,Hotel Stay,4829.54,19-11-2024,Card,Marketing
Hotel,Hotel Stay,2259.68,29-04-2024,Card,IT
Car,Fuel,1161.06,14-08-2024,Cash,HR
Hotel,Laundry,912.24,25-08-2024,Card,Marketing
Hotel,Laundry,3286.39,06-02-2025,Cash,Operations
Hotel,Hotel WiFi,3900.67,24-12-2024,Card,Operations
Air,Airport Lounge,4083.12,14-04-2024,Card,Operations
Car,Parking Fee,1430.96,13-03-2024,Cash,Finance
Air,Seat Selection,1036.36,22-11-2024,Cash,IT
Hotel,Laundry,2014.39,08-06-2024,Cash,Operations
Car,Toll Charges,4899.54,28-06-2024,Cash,Sales
Car,Driver Tip,553.75,07-12-2024,Cash,Finance
Car,Fuel,2668.63,13-04-2024,Card,Marketing
Air,International Flight,888,23-12-2024,Cash,HR
Air,Airport Lounge,4903.69,12-11-2024,Cash,Marketing
Air,Domestic Flight,3932.4,02-09-2024,Cash,Marketing
Air,International Flight,4930.18,22-08-2024,Card,Finance
Hotel,Laundry,2796.75,11-12-2024,Card,Finance
Air,Baggage Fee,4238.72,02-12-2024,Cash,HR
Car,Driver Tip,2769.19,16-08-2024,Card,Operations
Car,Car Rental,1416.91,13-04-2024,Card,Sales
Car,Parking Fee,4123.78,11-03-2024,Cash,HR
Hotel,Hotel Stay,551.19,17-06-2024,Card,Sales
Car,Toll Charges,1943.77,22-09-2024,Card,Sales
Air,International Flight,4980.17,21-04-2024,Card,HR
Hotel,Mini Bar,868.87,11-05-2024,Cash,IT
Hotel,Mini Bar,3491.45,10-12-2024,Card,HR
Air,Domestic Flight,3843.06,24-08-2024,Card,Marketing
Air,Airport Lounge,951.47,14-02-2024,Cash,Finance
Car,Fuel,1986.1,20-11-2024,Card,Marketing
Car,Car Rental,1918.32,09-01-2025,Cash,Sales
Hotel,Laundry,3825.33,05-01-2025,Card,Operations
Hotel,Room Service,186.18,29-05-2024,Cash,Operations
Hotel,Room Service,4442.51,16-05-2024,Card,HR
Air,International Flight,384.56,17-07-2024,Cash,HR
Air,International Flight,4905.65,08-05-2024,Card,Marketing
Hotel,Room Service,2811.77,28-07-2024,Card,Sales
Hotel,Hotel WiFi,973.69,04-08-2024,Card,Marketing
Air,Airport Lounge,4670.46,10-07-2024,Card,Marketing
Car,Parking Fee,4796.79,04-03-2024,Card,Marketing
Air,Domestic Flight,3798.92,29-02-2024,Cash,Operations
Hotel,Room Service,4577.15,15-07-2024,Cash,HR
Hotel,Laundry,2225.17,10-03-2024,Card,Operations
Car,Parking Fee,3599.59,02-10-2024,Cash,Sales
Car,Driver Tip,3515.91,04-04-2024,Cash,Finance
Car,Car Rental,489.62,25-02-2024,Cash,Sales
Air,Domestic Flight,4169.95,29-05-2024,Cash,Marketing
Hotel,Laundry,921.12,13-01-2025,Cash,Operations
Air,Baggage Fee,3295.89,06-01-2025,Cash,Finance
Air,International Flight,1445.95,26-10-2024,Card,Sales
Car,Fuel,1855.5,01-01-2025,Card,IT
Car,Driver Tip,1174.62,23-08-2024,Cash,IT
Car,Driver Tip,3175.15,23-12-2024,Card,Finance
Car,Fuel,4350.12,07-05-2024,Cash,Finance
Car,Toll Charges,1556.02,05-08-2024,Cash,Sales
Car,Parking Fee,97.43,27-03-2024,Cash,IT
Air,Seat Selection,1942.94,04-04-2024,Card,Operations
Hotel,Mini Bar,4386.91,09-10-2024,Card,IT
Air,International Flight,2382.62,24-06-2024,Card,HR
Air,Seat Selection,2344.63,05-01-2025,Card,HR
Car,Toll Charges,1139.11,03-09-2024,Cash,Operations
Car,Car Rental,4005.5,12-06-2024,Cash,Operations
Hotel,Hotel Stay,1232.05,22-07-2024,Cash,Operations
Car,Driver Tip,4326.48,17-08-2024,Card,Finance
Car,Driver Tip,3970.99,05-02-2025,Cash,Marketing
Air,Airport Lounge,3554.29,19-04-2024,Card,Sales
Car,Fuel,1068.77,16-02-2024,Cash,Sales
Hotel,Mini Bar,1241.46,05-02-2025,Cash,Marketing
Hotel,Hotel Stay,3876.98,21-10-2024,Card,Finance
Hotel,Hotel WiFi,1960.25,05-01-2025,Cash,Finance
Air,Seat Selection,4832.58,16-09-2024,Card,HR
Car,Car Rental,294.36,23-10-2024,Cash,Marketing
Hotel,Mini Bar,485.62,15-05-2024,Card,Marketing
Air,Airport Lounge,2125.15,27-11-2024,Card,Operations
Car,Fuel,4434.4,07-01-2025,Card,IT
Air,Domestic Flight,1021.94,05-02-2025,Cash,Operations
Hotel,Mini Bar,3061.02,27-02-2024,Card,HR
Hotel,Mini Bar,332.46,14-12-2024,Cash,Operations
Hotel,Room Service,966.6,30-03-2024,Cash,Operations
Air,Seat Selection,2784.07,20-01-2025,Cash,IT
Air,Airport Lounge,4590.59,26-09-2024,Card,Operations
Hotel,Hotel WiFi,2535.6,08-08-2024,Card,Marketing
Car,Fuel,4076.38,10-05-2024,Card,IT
Car,Parking Fee,2880.79,01-05-2024,Card,Finance
Air,Baggage Fee,1550.19,14-02-2024,Card,Marketing
Car,Parking Fee,2586.8,31-05-2024,Cash,HR
Hotel,Hotel Stay,3671.86,23-03-2024,Card,IT
Hotel,Mini Bar,4271.03,04-02-2025,Cash,IT
Hotel,Hotel WiFi,1345.01,30-08-2024,Cash,Finance
Car,Driver Tip,4200.7,26-11-2024,Card,Finance
Hotel,Hotel WiFi,384.4,29-11-2024,Card,HR
Car,Fuel,4299.19,05-10-2024,Cash,IT
Hotel,Mini Bar,4086.53,21-07-2024,Cash,Marketing
Car,Car Rental,1946.99,22-07-2024,Cash,Marketing
Car,Toll Charges,1450.54,14-08-2024,Card,Operations
Air,Airport Lounge,3404.11,27-11-2024,Card,Operations
Air,International Flight,4786.78,18-03-2024,Cash,Sales
Car,Car Rental,1059.23,17-02-2024,Card,Operations
Hotel,Laundry,476.35,08-01-2025,Card,HR
Air,International Flight,3510.13,30-12-2024,Cash,Operations
Hotel,Room Service,2059.95,06-05-2024,Card,Finance
Hotel,Laundry,3971.58,11-03-2024,Card,Marketing
Hotel,Hotel Stay,3065.01,07-09-2024,Card,Finance
Hotel,Hotel WiFi,1163.48,15-12-2024,Cash,Operations
Car,Parking Fee,1079.79,29-08-2024,Cash,Finance
Air,Domestic Flight,1510.66,23-12-2024,Cash,Operations
Hotel,Hotel Stay,2564.48,07-06-2024,Card,HR
Car,Fuel,692.06,24-10-2024,Cash,HR
Hotel,Hotel Stay,2653.65,18-02-2024,Card,Operations
Car,Driver Tip,2930.58,04-02-2025,Card,Operations
Hotel,Laundry,4788.23,16-10-2024,Card,IT
Air,Domestic Flight,116.54,01-07-2024,Cash,Finance
Hotel,Room Service,2506.91,03-04-2024,Cash,Operations
Hotel,Room Service,1587.22,10-12-2024,Card,Finance
Air,International Flight,4952.33,10-12-2024,Card,Finance
Car,Fuel,3994.62,15-01-2025,Card,Finance
Hotel,Room Service,135.66,19-02-2024,Card,Finance
Hotel,Laundry,2290.29,10-07-2024,Cash,Sales
Hotel,Hotel WiFi,1987.21,21-02-2024,Cash,Operations
Air,Baggage Fee,3177.56,04-06-2024,Card,IT
Air,Domestic Flight,4943.27,11-08-2024,Cash,IT
Car,Car Rental,1394.17,21-02-2024,Cash,Marketing
Hotel,Mini Bar,1634.51,17-11-2024,Cash,Sales
Air,International Flight,1763.68,24-01-2025,Cash,IT
Air,Baggage Fee,1479.81,06-06-2024,Cash,Sales
Air,Domestic Flight,2666.52,04-10-2024,Cash,Finance
Hotel,Mini Bar,3579.08,26-09-2024,Cash,Marketing
Air,Domestic Flight,956.78,18-01-2025,Cash,Marketing
Air,Domestic Flight,3936.57,17-08-2024,Card,IT
Car,Car Rental,3294.21,22-10-2024,Cash,IT
Air,Seat Selection,503.32,08-10-2024,Card,Operations
Car,Parking Fee,3559.1,11-10-2024,Cash,Finance
Air,Domestic Flight,4518.39,06-01-2025,Card,Finance
Hotel,Hotel WiFi,2746.45,14-03-2024,Card,Finance
Car,Fuel,1751.96,28-03-2024,Card,Marketing
Air,Domestic Flight,3040.28,26-09-2024,Cash,Marketing
Car,Driver Tip,1679.24,12-03-2024,Card,Sales
Hotel,Hotel WiFi,4662.38,28-02-2024,Cash,HR
Car,Fuel,147.85,16-03-2024,Card,Sales
Air,International Flight,1558.94,13-09-2024,Cash,Finance
Hotel,Hotel WiFi,1466.51,03-05-2024,Cash,Finance
Car,Parking Fee,2927.33,01-10-2024,Cash,Finance
Air,Airport Lounge,4890.9,06-06-2024,Cash,Operations
Air,Domestic Flight,2530.18,11-09-2024,Card,IT
Hotel,Hotel Stay,3377.53,12-01-2025,Card,HR
Air,Airport Lounge,2266.29,20-05-2024,Card,Marketing
Car,Car Rental,4732.71,02-01-2025,Card,Finance
Air,International Flight,2453.85,31-07-2024,Card,IT
Hotel,Room Service,3074.46,24-07-2024,Card,Marketing
Air,Airport Lounge,2762.41,24-09-2024,Cash,IT
Air,Seat Selection,4292.8,31-07-2024,Card,Operations
Air,Domestic Flight,928.38,27-03-2024,Cash,Operations
Car,Parking Fee,2506.24,30-08-2024,Card,Marketing
Hotel,Hotel Stay,2680.04,29-06-2024,Card,Operations
Air,Airport Lounge,2115.21,09-08-2024,Cash,IT
Air,Seat Selection,2648.84,22-08-2024,Cash,Marketing
Car,Parking Fee,4197.09,26-10-2024,Cash,HR
Hotel,Room Service,3766.87,31-05-2024,Card,Finance
Hotel,Hotel Stay,1138.47,18-08-2024,Card,Marketing
Car,Parking Fee,4149.09,31-12-2024,Card,Operations
Air,Seat Selection,2884.69,11-08-2024,Cash,Marketing
Hotel,Hotel WiFi,2918.09,08-11-2024,Cash,Operations
Air,International Flight,769.94,31-05-2024,Cash,Sales
Hotel,Room Service,1785.63,06-11-2024,Cash,HR
Hotel,Hotel Stay,4970.02,04-01-2025,Card,HR
Car,Toll Charges,1277.88,19-11-2024,Cash,Sales
Car,Toll Charges,1716.27,30-03-2024,Cash,IT
Car,Car Rental,4073.91,23-01-2025,Cash,Operations
Hotel,Room Service,2336.77,28-08-2024,Card,HR
Hotel,Hotel Stay,4982.65,02-08-2024,Cash,Finance
Air,Baggage Fee,1097.88,20-03-2024,Card,Marketing
Car,Car Rental,4305.38,05-12-2024,Card,IT
Hotel,Room Service,3723.53,14-10-2024,Card,Finance
Air,Baggage Fee,2081.65,13-08-2024,Cash,Finance
Car,Parking Fee,178.92,04-05-2024,Card,Sales
Car,Fuel,2261.72,07-04-2024,Card,IT
Car,Car Rental,3435.63,21-11-2024,Cash,Marketing
Air,Seat Selection,1754.03,24-09-2024,Card,Operations
Air,Airport Lounge,2507.63,28-03-2024,Card,IT
Hotel,Hotel Stay,2774.94,24-01-2025,Card,IT
Car,Driver Tip,3385.15,25-08-2024,Card,Operations
Hotel,Mini Bar,855.04,22-04-2024,Card,Marketing
Hotel,Hotel Stay,4047.07,09-08-2024,Card,HR
Hotel,Mini Bar,3781.98,10-03-2024,Card,Operations
Hotel,Room Service,3998.11,15-03-2024,Cash,IT
Air,Domestic Flight,4585.81,17-10-2024,Cash,Marketing
Air,Domestic Flight,2901.28,18-08-2024,Cash,IT
Hotel,Mini Bar,3953.35,18-08-2024,Card,Marketing
Car,Toll Charges,1440.64,11-04-2024,Card,Sales
Air,Baggage Fee,2688.06,01-05-2024,Card,Finance
Hotel,Hotel Stay,722.48,18-01-2025,Card,HR
Hotel,Room Service,4023.16,05-05-2024,Cash,HR
Air,Airport Lounge,2633.11,27-06-2024,Card,Sales
Air,Seat Selection,3596.2,08-02-2025,Card,Marketing
Air,International Flight,3092.04,15-07-2024,Cash,Sales
Hotel,Hotel WiFi,4058.06,06-12-2024,Cash,HR
Car,Driver Tip,4787.42,26-02-2024,Cash,IT
Air,Baggage Fee,2231.24,20-07-2024,Cash,Finance
Air,Domestic Flight,3503.29,22-04-2024,Card,Finance
Hotel,Hotel WiFi,894.84,24-03-2024,Cash,Marketing
Hotel,Room Service,2342.12,24-11-2024,Card,Finance
Air,International Flight,4768.73,13-04-2024,Cash,Marketing
Air,Baggage Fee,1118.99,29-03-2024,Card,Sales
Car,Driver Tip,579.57,15-08-2024,Card,Operations
Car,Toll Charges,1575.76,15-07-2024,Card,Operations
Hotel,Mini Bar,2036,17-01-2025,Cash,HR
Air,Baggage Fee,3611.93,22-11-2024,Card,Marketing
Hotel,Room Service,2409.46,02-10-2024,Card,Finance
Hotel,Laundry,2942.99,04-03-2024,Cash,Finance
Air,Baggage Fee,1865.61,30-12-2024,Cash,HR
Air,International Flight,3268.12,23-06-2024,Card,IT
Air,Seat Selection,3372.08,23-10-2024,Cash,Operations
Air,Domestic Flight,4653.48,02-12-2024,Card,IT
Hotel,Room Service,4096.91,15-07-2024,Cash,HR
Hotel,Hotel Stay,4977.46,10-11-2024,Card,Sales
Car,Fuel,4708.17,05-11-2024,Cash,Sales
Car,Toll Charges,4647.72,26-04-2024,Card,Finance
Car,Parking Fee,3100.38,05-06-2024,Cash,IT
Car,Parking Fee,2915.89,25-08-2024,Cash,HR
Air,Seat Selection,1536.48,11-10-2024,Cash,Finance
Air,International Flight,2432.81,04-07-2024,Card,HR
Air,Domestic Flight,4424.53,28-02-2024,Cash,Operations
Car,Fuel,437.67,27-02-2024,Cash,HR
Hotel,Hotel Stay,4503.65,07-07-2024,Card,Finance
Hotel,Laundry,4472.38,23-03-2024,Cash,Sales
Car,Parking Fee,1388.58,11-09-2024,Cash,Operations
Air,Domestic Flight,4088.67,07-07-2024,Card,IT
Air,Domestic Flight,4267,07-02-2025,Card,HR
Air,International Flight,4251.42,19-05-2024,Cash,Sales
Hotel,Hotel Stay,4963.75,22-01-2025,Cash,HR
Car,Parking Fee,3963.87,31-08-2024,Cash,Finance
Hotel,Mini Bar,4134.74,28-01-2025,Cash,Marketing
Air,Seat Selection,4812.48,05-08-2024,Cash,Marketing
Air,Seat Selection,2412.04,19-03-2024,Card,IT
Car,Fuel,1519.68,04-01-2025,Card,IT
Car,Toll Charges,1659.41,08-09-2024,Card,IT
Hotel,Hotel Stay,4275.64,20-11-2024,Card,Marketing
Air,Baggage Fee,2362.47,08-04-2024,Cash,Operations
Air,Domestic Flight,3402.74,21-08-2024,Cash,IT
Hotel,Room Service,4294.37,04-12-2024,Cash,Marketing
Hotel,Laundry,2015.01,24-10-2024,Card,Operations
Car,Fuel,716.06,23-09-2024,Card,Finance
Car,Parking Fee,1536.01,01-02-2025,Cash,Operations
Air,Baggage Fee,1193.52,26-10-2024,Cash,IT
Car,Toll Charges,302.39,09-02-2025,Card,HR
Car,Toll Charges,3365.45,17-06-2024,Card,HR
Air,Domestic Flight,3686.43,09-10-2024,Cash,Sales
Hotel,Hotel Stay,147.12,07-04-2024,Card,IT
Air,International Flight,4358.53,02-06-2024,Card,Marketing
Hotel,Hotel Stay,2705.02,28-10-2024,Card,IT
Car,Parking Fee,2663.43,26-04-2024,Card,Operations
Car,Fuel,4403.23,29-09-2024,Card,Sales
Hotel,Mini Bar,964.82,07-01-2025,Card,Finance
Hotel,Hotel Stay,2861.86,22-04-2024,Cash,HR
Air,Domestic Flight,1386.58,06-12-2024,Cash,IT
Air,Baggage Fee,368.64,15-11-2024,Cash,Marketing
Air,Domestic Flight,344.5,19-05-2024,Cash,Sales
Air,Airport Lounge,3769.82,28-05-2024,Card,Marketing
Air,International Flight,2638.97,06-07-2024,Cash,Finance
Air,Seat Selection,544.02,29-11-2024,Card,Finance
Car,Driver Tip,156.68,20-07-2024,Card,HR
Air,International Flight,1360.93,06-03-2024,Cash,HR
Air,International Flight,4292.21,20-07-2024,Cash,Sales
Car,Parking Fee,3221.94,18-01-2025,Cash,Marketing
Air,Airport Lounge,1500,04-06-2024,Cash,IT
Air,Domestic Flight,3592.34,28-11-2024,Card,IT
Air,Seat Selection,669.98,27-12-2024,Card,IT
Air,Airport Lounge,2545.01,23-04-2024,Cash,IT
Hotel,Hotel Stay,1964.6,02-10-2024,Cash,IT
Air,International Flight,2871.84,08-05-2024,Card,IT
Air,International Flight,2078.95,01-08-2024,Card,HR
Hotel,Mini Bar,2946.03,29-09-2024,Cash,Operations
Car,Toll Charges,675.63,10-04-2024,Card,Sales
Hotel,Hotel Stay,1408.49,11-11-2024,Cash,Finance
Air,Domestic Flight,1947.27,25-08-2024,Card,Finance
Air,International Flight,1062.08,02-09-2024,Card,Sales
Hotel,Mini Bar,3424.37,01-04-2024,Cash,HR
Car,Parking Fee,1731.68,28-11-2024,Cash,IT
Car,Fuel,2755.52,11-11-2024,Card,Finance
Hotel,Hotel WiFi,4060.57,21-07-2024,Card,Finance
Air,Airport Lounge,1134.39,09-12-2024,Cash,Marketing
Hotel,Hotel WiFi,2607.02,21-01-2025,Card,Finance
Air,Seat Selection,4201.34,04-03-2024,Cash,HR
